INSERT INTO pzz.stage (id_stage,"text",flat,map_name,final_stage,rest_modifier) VALUES
	 (2,'La puerta se abre con rapidez y escuchas un pitido en la consola que podrías considerar amistoso. Una vez dentro de la nueva habitación y con todo en aparente calma, encuentras un momento para examinar el antebrazo cosido . Sin duda alguna, no formó parte de tu cuerpo al nacer, el color de la piel antes y después de la cicatriz no es idéntico y aunque lo sientes como propio y responde perfectamente a todas tus ordenes, cada vez que lo mueves hay una extraña sensación en tu interior que no logras identificar.
<br>Debido a las circunstancias, consideras que sería oportuno tomártelo como un problema menor. 
<br>Examinas con atención la habitación intentando encontrar algo que te de pistas de donde estas o quién eres. Parece ser una especie de laboratorio, ordenadores y aparatos científicos inundan la sala, pero todos están desconectados. En esta sala observas dos puertas, una cerrada con el cartel Project-Z en lo alto, y otra abierta que conduce a la siguiente sala. Escuchas unos sonidos bruscos provenientes de la puerta con el cartel y con mucha cautela empiezas a acercarte a ella. De pronto, la puerta que te condujo hasta esta sala se cierra estrepitosamente y una voz robótica que parece salir de altavoces en el techo se pronuncia:
<br><br> 
“Cuenta atrás iniciada, tiempo restante para el sellado automático, 5 minutos.“
<br><br>
Sin duda alguna, no quieres quedar encerrado para siempre, pero aun tienes tiempo para intentar encontrar algo de utilidad.
<br>Observas dos armarios, situados en extremos opuestos de la sala. El que se encuentra cercano a la puerta de Project-Z está cerrado con llave, el otro está abierto, pero solo parece contener cajas de archivos. La voz robótica se vuelve a pronunciar:
<br><br>
“Dos minutos y treinta segundos, esterilizando”
<br><br>
Un vapor azul comienza a propagarse por la sala, deduces que se trata del método de esterilización, pero comienzas a sentir un cansancio profundo. Sin duda permanecer mucho tiempo con ese vapor tendrá efectos negativos. 
<br>Tienes que salir de allí lo antes posible.... 
','Piso 4 Habitación 2','habitacion2.png',false,0),
	 (7,'Mientras barajas tus opciones, la puerta que te condujo hasta esta sala se cierra estrepitosamente y la voz robótica que parece salir de altavoces en el techo se pronuncia : 
<br><br>“Cuenta atrás iniciada, tiempo restante para el sellado automático, 5 minutos. “
<br><br>Como si se tratase de la salida en una carrera de atletismo, avanzas de pronto hacia la salida de la habitación.
<br>Cuando te encuentras a escasas zancadas de tu objetivo, sientes un latigazo en uno de los tobillos y caes. La criatura ha rodeado una de tus piernas y te agarra fuertemente. Intentas deshacerte del tentáculo, pero tus esfuerzos son inútiles. Poco a poco, la criatura empieza a atraerte hacia ella, consigues agarrarte a un saliente de una de las mesas del laboratorio y debido a la fuerza que ejerce la criatura, la mesa comienza a tambalearse, arrojando los objetos que se situaban encima del tablero directamente sobre el tentáculo. Uno de los objetos de cristal quiebra al tocar a la criatura, esparciendo su contenido. Podría tratarse de ácido o de algún liquido agresivo de cierta manera para la criatura, pues ésta parece soltar un chillido de dolor, arrojándote por el aire hacia el armario, el cual se rompe en pedazos debido al impacto.
<br>Al estrellarte de nuevo contra el suelo, el sonido que has producido atrae al tentáculo intacto de la criatura, que vuelve a asirte por el torso .
<br><br>Algo desorientado por la contusión , puedes ver en el suelo cerca de ti un hacha de grandes proporciones que se ha desprendido del armario roto. La voz robótica vuelve a pronunciarse: 
“Dos minutos y treinta segundos, esterilizando”
<br><br>Un vapor azul comienza a propagarse por la sala, deduces que se trata del método de esterilización, pero comienzas a sentir un cansancio profundo seguramente ocasionado por el vapor. A su vez, notas que la presión que ejerce el tentáculo sobre tu torso no es tan intensa como hace unos segundos. 
<br>Intentas a duras penas recoger el hacha que tienes al lado, pero el tentáculo dificulta mucho tus movimientos. La criatura sigue acercándose hacia ti. Según pasa el tiempo, el tentáculo ejerce cada vez menos fuerza pero tu también te sientes extremadamente cansado.
<br><br>“Treinta segundos para el sellado automático” – Vuelve a pronunciar la voz
<br><br>Finalmente, consigues hacerte con el hacha debido a tu mayor libertad de movimientos y cortas el tentáculo. La criatura parece estar sin fuerzas para responder. Te pones en pie y te acercas a ella, en una explosión de rabia descargas numerosos hachazos contra su cuerpo, cercenando parte de su torso y acabando con su existencia. Avanzas rápidamente a la siguiente sala, parece que has pasado una eternidad luchando en la sala anterior. La puerta se cierra tras de ti a los pocos segundos de atravesarla. 
<br>La nueva sala solo contiene una puerta cerrada con un letrero enorme encima suya representando unas escaleras. Las paredes son mullidas y blancas, no hay ningún objeto en ella, el suelo parece una especie de colchoneta. Te aproximas a la puerta del fondo y a medida que lo haces un vapor de color rojo intenso inunda la sala. Comienzas a entrar en pánico, no sabes quién es el macabro artífice de lo que te está sucediendo, pero te tumbas sobre la colchoneta dándolo todo por perdido, apenas puedes mantenerte en pie.
<br>No obstante, rápidamente te das cuenta de que este vapor es como un soplo de aire fresco para ti, empiezas a sentirte mucho mejor, más calmado y con más energía que hace apenas unos segundos. Permaneces en el vapor todo lo que puedes. Sin duda alguna parece que no tiene ningún efecto negativo sobre ti, sino todo lo contrario. Pasados unos minutos , el vapor cesa y la puerta que conduce a las escaleras se abre conduciéndote al piso inferior. 
','Piso 4 Habitación 3','habitacion3.png',false,0),
	 (4,'Intentando evitar al máximo el vapor azul, corres a toda velocidad a la siguiente sala, y una vez dentro, la puerta se cierra tras de ti de forma automática. Apenas sientes efectos negativos producidos por el vapor.
<br>Esta sala tan solo contiene una puerta cerrada con un letrero enorme encima suya representando unas escaleras. Las paredes son mullidas y blancas, no hay ningún objeto en ella, el suelo parece una especie de colchoneta. Te aproximas a la puerta del fondo y a medida que lo haces un vapor de color rojo intenso inunda la sala. Comienzas a entrar en pánico, piensas que es tu fin, no tienes salida, la puerta que tienes enfrente está cerrada herméticamente y de igual manera la que acabas de cruzar.
<br>No obstante, rápidamente te das cuenta de que este vapor es como un soplo de aire fresco para ti, empiezas a sentirte mucho mejor, más calmado y con más energía que hace apenas unos segundos. Permaneces en el vapor todo lo que puedes. Sin duda alguna parece que no tiene ningún efecto negativo sobre ti, sino todo lo contrario. Pasados unos minutos , el vapor cesa y la puerta que conduce a las escaleras se abre conduciéndote al piso inferior. 
','Piso 4 Habitación 3','habitacion3.png',false,0),
	 (5,'Rebuscas en el armario de archivos, cajas clasificadas con códigos de una letra y 3 números rellenan el espacio, C125, B421, X364, Z901 etc. No tienes ni idea de por cual empezar, abres apresuradamente una de ellas, solo tiene papeles, no tienes tiempo que perder, la voz robótica indica que queda menos de un minuto para el sellado, abres otra caja, y otra y otra, pero solo hay documentos que en ese momento no tienen ningún valor, tu cuerpo se siente cada vez más cansado y  a duras penas consigues cruzar la puerta antes de que la cuenta atrás termina. 
<br>La puerta se cierra tras de ti de forma automática. Sientes que has pasado una vida entera en la sala anterior.
<br>Esta sala tan solo contiene una puerta cerrada con un letrero enorme encima suya representando unas escaleras. Las paredes son mullidas y blancas, no hay ningún objeto en ella, el suelo parece una especie de colchoneta. Te aproximas a la puerta del fondo y a medida que lo haces un vapor de color rojo intenso inunda la sala. Comienzas a entrar en pánico, piensas que es tu fin, no tienes salida, la puerta que tienes enfrente está cerrada herméticamente y de igual manera la que acabas de cruzar.
<br>No obstante, rápidamente te das cuenta de que este vapor es como un soplo de aire fresco para ti, empiezas a sentirte mucho mejor, más calmado y con más energía que hace apenas unos segundos. Permaneces en el vapor todo lo que puedes. Sin duda alguna parece que no tiene ningún efecto negativo sobre ti, sino todo lo contrario. Pasados unos minutos , el vapor cesa y la puerta que conduce a las escaleras se abre conduciéndote al piso inferior. 
','Piso 4 Habitación 3','habitacion3.png',false,0),
	 (18,'Enciendes los ordenadores uno a uno con la esperanza de que alguno de ellos no requiera contraseña . Pruebas contraseñas al azar en algunos de ellos, 1879, 524, números que recuerdas haber visto desde que despertaste, pero ninguno es válido. Finalmente, observas que un ordenador se dirige directamente al escritorio tras su encendido y comienzas a indagar en la máquina. Logras entrar en lo que parece una bandeja de correo electrónico y lees algunos mensajes sin importancia, pero dos de ellos llaman tu atención.
<br><br>Email 1 : 
<br>El compuesto S, inicialmente desarrollado para "limpiar" el organismo del sujeto de pruebas del virus y poder experimentar de nuevo con el como si fuese un sujeto limpio, ha sufrido hoy una mutación dentro del organismo de uno de los sujetos, su nombre es J K Murray, el virus no parece afectarle de ninguna manera tras 117 intentos consecutivos, se ha vuelto totalmente inmune. El doctor Ryan ha extraído una muestra del nuevo compuesto , que ha denominado Compuesto SvFinal. El doctor Ryan ha empezado a comportarse de forma inusual tras esto, no ha querido dejar constancia del nuevo descubrimiento y ha salido a toda prisa del recinto.  
<br><br>Email 2:
<br>Estamos muy entusiasmados con los avances que han hecho, y es posible que el compuesto actual nos sea de ayuda tal y como esta salvo por un pequeño inconveniente, 17 años de forma natural para que actúe son excesivos, ¿hay alguna forma de acelerar el proceso?
<br><br> Att. Depto defensa EEUU . 
<br><br>Antes de que puedas seguir indagando en la bandeja de entrada empiezas a sentirte muy fatigado, estabas tan absorto en tu búsqueda que no te has percatado de que el vapor azul ya había hecho su aparición. 
','Piso 3 Habitación 2','habitacion2.png',false,0),
	 (9,'Te diriges hacia la criatura dispuesto a batirla con tus propios puños. Cuando estas aproximándote a ella ambos tentáculos te agarran por por las piernas, tirándote al suelo. La criatura avanza lentamente hacia ti, situándose encima de tu rostro. Le propinas numerosos puñetazos, pero no parecen ocasionarle daño alguno. La criatura abre sus fauces, numerosos tentáculos se sitúan dentro de su mandíbula. El líquido que expulsa de su boca quema tu piel, produciendo un dolor inaudito. La criatura te tiene a su merced y va a devorarte,  lo único que puedes hacer es taparte la cara con ambas manos para evitar el contacto con el líquido de su interior.  
<br>Cuando el líquido entra en contacto con tu mano cosida, no sientes dolor alguno pero si puedes apreciar que también está quemando su superficie. De pronto, parece como si la mano cobrase vida por sí misma, no la puedes controlar, y tu brazo derecho se eleva hacia la cara de la criatura agarrando su mandíbula inferior. La mano se cierra, haciendo añicos la mandíbula de la criatura, la cual se aparta saltando hacia un lado. De igual manera, la mano se deshace de los tentáculos que te tenían sujeto. Te levantas y te diriges hacia la criatura malherida que se sitúa a escasos pasos. Te arrodillas y tu brazo atraviesa la cabeza de tu enemigo con un solo movimiento, acabando con su vida. Te quedas allí inmóvil, sentado sobre aquel monstruo, intentando reflexionar sobre lo que ha pasado. Vuelves a tener control sobre ti mismo . 
<br>Una voz robótica sale del techo: 
<br><br>“Cuenta atrás iniciada, tiempo restante para el sellado automático, 5 minutos. “
<br><br>No sabes cómo ni por qué, pero tienes un ansia irracional de devorar a la criatura y durante algunos instantes estas a punto de hacerlo, tienes la boca abierta cerca de su cuerpo. Intentando apartar estos macabros pensamientos de tu cerebro consigues retirarte de ella y te diriges hacia la siguiente sala mientras la voz robótica vuelve a pronunciarse. 
<br><br>“Dos minutos y treinta segundos, esterilizando”
<br><br>Un vapor azul emana de las paredes y aunque en un primer lugar piensas que se trata solo de la esterilización, enseguida notas que ese vapor no te está haciendo ningún bien. 
<br>Pasas a la siguiente sala lo antes posible, todavía algo conmocionado por lo sucedido.
<br>La puerta se cierra tras de ti en cuanto pasas el umbral .  Esta sala tan solo contiene una puerta con un letrero enorme encima suya representando unas escaleras. Las paredes son mullidas y blancas, no hay ningún objeto en ella, el suelo parece una especie de colchoneta. Te aproximas a la puerta del fondo y a medida que lo haces un vapor de color rojo intenso inunda la sala. Comienzas a entrar en pánico, piensas que es tu fin, no tienes salida, la puerta que tienes enfrente está cerrada herméticamente y de igual manera la que acabas de cruzar.
<br>No obstante, rápidamente te das cuenta de que este vapor es como un soplo de aire fresco para ti, empiezas a sentirte mucho mejor, más calmado y con más energía que hace apenas unos segundos. Permaneces en el vapor todo lo que puedes. Sin duda alguna parece que no tiene ningún efecto negativo sobre ti, sino todo lo contrario. Pasados unos minutos , el vapor cesa y la puerta que conduce a las escaleras se abre conduciéndote al piso inferior. 
','Piso 4 Habitación 3','habitacion3.png',false,0),
	 (6,'Comienzas a rebuscar a toda prisa por los cajones bajo las mesas de la habitación, sacándolos de sus correderas y lanzando el contenido al suelo, tras varios intentos encuentras en uno de ellos un manojo de llaves con la etiqueta Z010. Corres hacia el armario cerca de la puerta Project-Z, los sonidos que te pareció escuchar antes tras la puerta ahora se hacen más latentes, sin duda alguna existe algo con vida tras esa puerta, y a juzgar por tu primera impresión no parece tratarse de una persona, aun así, lanzas preguntas al aire mientras pruebas las llaves en el candado : “Hola? ¿Hay alguien ahí?. Un chillido atronador desde el interior de la puerta es la única respuesta. Intentas no perder la calma y confiar en la seguridad de la puerta y continúas probando llaves, esta vez en completo silencio. La voz robótica vuelve a pronunciarse 
<br><br>“Dos minutos y treinta segundos para el sellado automático” 
<br><br>Finalmente das con la llave acertada 
<br><br>“Un minuto para el sellado automático” 
<br><br>Dentro hay varias cajas, con más candados impidiendo el acceso. Comienzas a arrepentirte de haber rebuscado aquí pero pruebas con la primera caja y la suerte parece sonreírte, se abre a la primera. 
<br><br>“Treinta segundos para el sellado automático” 
<br><br>Dentro se encuentra un hacha de dimensiones considerables. Sin dudarlo, recoges el arma y pasas la puerta de la sala, la cual se cierra automáticamente tras hacerlo. Sientes que has pasado una eternidad en la sala anterior y te encuentras profundamente cansado.
<br>Al pasar la puerta, descubres que esta sala tan solo contiene una puerta con un letrero enorme encima suya representando unas escaleras. Las paredes son mullidas y blancas, no hay ningún objeto en ella, el suelo parece una especie de colchoneta. Te aproximas a la puerta del fondo y a medida que lo haces un vapor de color rojo intenso inunda la sala. Comienzas a entrar en pánico, piensas que es tu fin, no tienes salida, la puerta que tienes enfrente está cerrada herméticamente y de igual manera la que acabas de cruzar.
<br>No obstante, rápidamente te das cuenta de que este vapor es como un soplo de aire fresco para ti, empiezas a sentirte mucho mejor, más calmado y con más energía que hace apenas unos segundos. Permaneces en el vapor todo lo que puedes. Sin duda alguna parece que no tiene ningún efecto negativo sobre ti, sino todo lo contrario. Pasados unos minutos , el vapor cesa y la puerta que conduce a las escaleras se abre conduciéndote al piso inferior. 
','Piso 4 Habitación 3','habitacion3.png',false,0),
	 (19,'Llegas a una habitación acolchada idéntica a la que habías visto antes. Como si de una adicción se tratase, esperas tranquilamente a que el vapor rojo llene la sala. No se hace esperar, lo disfrutas con tranquilidad durante unos minutos. Notas que en esta ocasión , sus efectos parecen aún mas potentes que antes y te sientes enormemente extasiado. Te percatas de que tu brazo postizo está cobrando una inusual fuerza, crees que podrías destrozar una pared de un solo puñetazo. 
<br>Cuando se acaban los efectos, sales de esa especie de sueño en el que te encontrabas y vuelves a la realidad.
','Piso 3 Habitación 3','habitacion3.png',false,0),
	 (17,'Empiezas a rebuscar en los documentos del armario algo que te de mas información. Resulta muy complicado determinar que documentos podrían valer la pena y cuales no, pero entre todos ellos aparecen un par de notas que te resultan interesantes, pues tienen otro color.
<br><br>Nota 3 *: El equipo directivo cree que una muestra no será suficiente y teme además que esta muera de manera accidental, aunque tengan varias medidas adoptadas para impedir esto; nunca se pueden prever todos los acontecimientos de una vida, y tienen razón. Por ello han obtenido una autorización a cambio de una enorme suma de dinero para realizar una prueba a gran escala. Hemos podido acordar la cantidad de 1000 sujetos , se les ha dado el nombre en clave de los MIL , creemos que será más que suficiente para observar si nuestras previsiones se cumplen. 
<br><br>Nota 12 *:El Doctor Ryan ha iniciado el protocolo para solicitar sujetos de corta edad para los experimentos. Cree posible que en niños la asimilación de la sustancia se produzca de otra manera, sin embargo , solo le han proporcionado unos pocos especímenes de entre 6 y 10 años. Él cree que es insuficiente, pues sería necesario realizar las pruebas con todas las franjas de edad, especialmente con recién nacidos . 
<br><br>Empiezas a sentir como el vapor azul está llenando la habitación y corres a toda velocidad a la siguiente sala 
','Piso 3 Habitación 2','habitacion2.png',false,6),
	 (21,'Examinas el armario con el cartel Project-Z encima. Esta completamente cerrado y mientras tratas de buscar una forma de abrirlo el vapor azul hace su aparición y te ves obligado a avanzar a la siguiente sala sin más dilación. ','Piso 3 Habitación 2','habitacion2.png',false,0),
	 (88,'Revientas el armario con el cartel proyect-z encima de un solo puñetazo. Multitud de elementos caen al suelo y entre ellos un hacha. Determinas que no tiene sentido llevar ese peso encima cuando tienes un arma mucho mas potente en tu propio cuerpo. ','Piso 3 Habitación 2','habitacion2.png',false,0),
	 (23,'Avanzas a la siguiente sala y nada más entrar la puerta se cierra tras de ti . Apenas has tenido tiempo de escudriñar por encima la sala cuando la dichosa voz robótica anuncia su cuenta atrás. El patrón se está repitiendo cada vez más rápido, dejándote menos tiempo entre sala y sala.
<br><br>La sala en la que te encuentras tiene una distribución que te resulta familiar. Una puerta con el cartel Project-Z encima y dos armarios a los lados. 
','Piso 3 Habitación 2','habitacion2.png',false,0),
	 (12,'<br>Avanzas a lo que parece otra sala similar a la que despertaste por primera vez en esta pesadilla. Nada más entrar la puerta tras de ti se cierra herméticamente. Echas un vistazo rápido a la habitación y observas un ordenador encendido al lado de la camilla, necesitas saber que está pasando, muchas preguntas rondan en tu cabeza.
<br>¿Qué es el brazo que tienes cosido a tu cuerpo ? 
<br>¿Acaso eres una criatura como la que acabas de matar?
<br>¿De dónde venían esas ansias de alimentarte de la criatura?
<br>¿No hay nadie más aquí dentro?
<br><br>Te diriges al ordenador y empiezas a indagar en sus archivos, enseguida uno llama tu atención, “notas personales del proyecto”
<br>El archivo parece estar corrupto, y tan solo dos de sus entradas están disponibles .
<br><br>Nota * 7 : Los experimentos de hoy han sido extremadamente infructuosos, gracias al compuesto CJH desarrollado por el Doctor Ryan, ahora podemos acelerar la propagación y los efectos del virus por el cuerpo del sujeto a una velocidad 700 veces superior, pudiendo de esta forma comprobar que sucedería en los organismos pasado el tiempo . Los resultados no podrían ser más desalentadores, los 5 sujetos de pruebas asignados para hoy han quedado totalmente inservibles para futuras investigaciones.  Todos, sin excepción, han experimentado algún tipo de mutación irreversible al minuto 16:59 y han perdido el conocimiento durante unos instantes, mostrándose extremadamente violentos inmediatamente después de despertarse, casi todos ellos han tenido que ser sacrificados por seguridad y los que no lo han sido han muerto a las pocas horas. según los cálculos del doctor Ryan este tiempo de 17 minutos equivale a exactamente 17 años de manera natural. 
<br><br>NOTA 13 *:
<br>Registro de mutaciones 1: 
<br>Sujeto 1 : Varón, joven. Minuto 16, el individuo empieza a convulsionar de manera muy violenta mientras manteníamos una charla con él bastante amistosa y de manera normal un minuto antes.  Tras volver con el doctor Ryan, sus uñas habían crecido de forma desproporcionada en cuestión de milésimas de segundo, atravesando su cuerpo por la mitad y matándole en el acto. Tras este imprevisto, consideramos sedar a los individuos antes del proceso. 
<br>Sujeto 2:  Mujer de mediana edad, su nariz empieza a inflamarse sin control , desfigurándole el rostro e impidiéndole la respiración. El doctor Ryan le efectúa una traqueotomía, pero posteriormente se opta por la ejecución del individuo debido a su inestabilidad. 
<br>A medida que lees, la voz robótica hace su aparición . El vapor azul está a punto de hacer su aparición. 
<br>Has perdido demasiado tiempo con el ordenador y ahora tan solo tienes 5 minutos para salir de la habitación, sin embargo, en la sala quedan varios puntos que te gustaría examinar. Justo al lado del ordenador se encuentra una camilla como la tuya, las sábanas cubren un bulto que bien podría ser una persona o cualquier otra cosa. Enfrente tienes un escritorio , hay un cartel pegado que reza lo siguiente : “INSTRUCCIONES PARA EL SUJETO” 
','Piso 3 Habitación 1','habitacion1.png',false,5),
	 (1,'Despiertas en una gélida cama con un pitido atronador en tu oreja. No sabes donde te encuentras, intentas recordar como has llegado ahí, 
pero es en vano. Tu mente es como un folio en blanco. Miras a tu alrededor y ves una máquina con un mensaje de alerta parpadeando, 
te percatas de que estas conectada a ella por diversos electrodos y un armatoste bastante peculiar que te rodea la cabeza.<br>
Intentas levantarte, pero no puedes, brazos y piernas están anclados firmemente a la cama por brazaletes metálicos y cualquier intento de moverte es inútil.<br>
Durante varias horas gritas y sollozas, mientras ese dichoso pitido no para de retumbar en tu cabeza. De pronto, el pitido cesa y el mensaje de la pantalla cambia.<br><br>
“FINALIZANDO PROCESO 1879, RECURSOS INSUFICIENTES, PROCEDIENDO A LIBERAR AL SUJETO 524. DESACTIVANDO TODAS LAS MEDIDAS DE SEGURIDAD EXCEPTO CRÍTICAS DE NIVEL A1 ,A2, y A3” 
<br><br>
Los brazaletes mecánicos se abren al unísono y el aparato que te sujetaba la cabeza comienza a levantarse.<br>
Al abrirse el brazalete derecho, puedes ver una gran cicatriz en la piel que antes se encontraba oculta por este, parece que te han cosido el brazo de nuevo. 
Inspeccionas la habitación, observas lo que parece una especie de mapa y de él deduces que te encuentras en un edificio de seguridad, en el que todas las plantas parecen similares. Te encuentras en el piso cuatro.<br>
Te diriges a la puerta, se encuentra enlazada a una consola dispuesta a recibir una contraseña, en la parte contraria a ella se sitúa un botón azul parpadeante. 
Intentas recordar los números que has podido leer en la maquina a la que te encontrabas conectado.... ','Piso 4 Habitación 1','habitacion1.png',false,8),
	 (3,'Pulsas el botón azul y la puerta se abre , la consola emite tres pitidos cortos seguidos. Una voz robótica sale de altavoces en el techo : 
<br><br>“Abriendo puertas de seguridad, desactivando medidas de seguridad criticas A2 y A3” 
<br><br>Accedes al interior de una sala que parece una especie de laboratorio. Echas un vistazo rápido a la sala y localizas dos posibles salidas, ambas parecen estar abiertas, una de ellas tiene encima el cartel Project-Z, al igual que lo tiene la que acabas de traspasar.
<br>Observas dos armarios, situados en extremos opuestos de la sala. El que se encuentra cercano a la puerta de Project-Z parece estar cerrado con llave, mientras que el otro está abierto. Cuando te diriges al armario abierto, escuchas unos sonidos que provienen de la puerta con el cartel. Con la esperanza de que sea otro ser humano, lanzas varias preguntas al aire esperando oír otra voz, pero lo que escuchas te hiela el corazón. Un chillido atronador retumba por toda la sala. Paralizado, observas como dos tentáculos comienzan a salir por la puerta del cartel, parecen estar buscando la ubicación de los sonidos de tu voz . Decides permanecer inmóvil y en silencio, y pasados unos segundos, la criatura a la que pertenecen los tentáculos hace su aparición. Nunca habías visto nada igual, tiene el tamaño de un perro de gran envergadura, dos tentáculos de unos 3 o 4 metros salen de su cabeza, no tiene patas visibles, parece moverse como una serpiente, su cuerpo no está rodeado por ninguna piel y deja un rastro liquido al moverse. Lentamente, mueves una pierna para avanzar intentando hacer el mínimo ruido posible y acto seguido, los dos tentáculos de la criatura se tornan hacia ti, fijándose hacia tu dirección. 
<br>Parece detectar tus movimientos... 
','Piso 4 Habitación 2','habitacion2.png',false,0),
	 (30,'Empiezas a devorar con tremenda rapidez una de las criaturas, cuando acabas, apenas te das cuentas que ya has empezado con la otra, lo haces fuera de control, sometido por un ansia de sangre que eres incapaz de describir. 
<br>Cuando has acabado con ambos cuerpos, notas como tu cuerpo empieza a transformarte y empiezas a sentirte mucho mas fuerte. En tu brazo aparecen unas espinas que lo dotan de robustez, y pareces haber aumentado considerablemente de tamaño. 
<br>No tienes tiempo que perder, pues llevas mucho tiempo soportando el vapor azul .
','Piso 3 Habitación 2','habitacion2.png',false,2),
	 (13,'Con mucho cuidado te acercas a la camilla, un bulto indeterminado esta cubierto por las sabanas. Poco a poco, alargas tu brazo hasta pellizcar la sabana.  La voz robótica indican que quedan apenas dos minutos para la esterilización .
<br>Apartas la sabana rápidamente, debajo encuentras lo que parece un cuerpo humano, pero cuando te fijas con atención, descubres que es únicamente la carcasa de lo que alguna vez fue un hombre. Sobre la camilla se encuentra la piel entera de un ser humano, pero no hay nada en su interior, está completamente hueco . 
<br><br>De nuevo sientes el instinto de devorar estos restos mientras el vapor azul ya ha empezado a inundar la sala..
','Piso 3 Habitación 1','habitacion1.png',false,0),
	 (14,'<br>Antes de avanzar a la siguiente sala te acercas al escritorio. Un montón de papeles desordenados abarrotan la superficie. Pegado a la pared y con un tamaño considerable se encuentra un documento : 
<br><br>INSTRUCCIONES PARA EL SUJETO

<br><br>1-	Si ha despertado y puede leer esto por favor, mantenga la calma. Usted podría ser un candidato valido.
<br><br>2-	No utilice su brazo cosido bajo ningún concepto, es difícil de explicar, pero es posible que pierda el control sobre su propia persona.
<br><br>3-	Necesitamos por el bien de la humanidad que alcance la planta baja de este edificio, si llega sano y salvo hay muchas posibilidades de que sea el sujeto elegido. Localice la maquina SCOA 
<br><br>4-	No se haga preguntas, por favor, siga las siguientes instrucciones de la maquina SCOA que encontrará en el vestíbulo
<br><br>5-	Si usted ha utilizado su brazo de forma extraña en algún momento, utilice en su lugar la maquina Jl12 de la segunda planta.

<br>La voz robótica te indica que debes apresurarte y avanzas con rapidez a la siguiente sala, dejando tras de ti la puerta que se cierra automáticamente.
<br>La sala en la que te encuentras tiene una distribución que te resulta familiar. Una puerta con el cartel Project-Z encima y dos armarios a los lados.
<br>La voz robótica que ha venido acompañándote durante todo el camino vuelve a pronunciarse. Notas que el patrón cada vez se repite antes, dándote menos tiempo para inspeccionar las salas.
','Piso 3 Habitación 2','habitacion2.png',false,0),
	 (15,'Movido por el instinto que surge de dentro de ti comienzas a devorar los restos que encuentras en la camilla. El vapor azul está haciendo su efecto en ti, y te sientes más débil cada vez, pero esta sensación es contrarrestada por el ansia de sangre que estás saciando. Cuando recobras tu consciencia de nuevo, no queda ningún resto en la camilla. Lo has devorado todo. Comienzas a notar como tu cuerpo está cambiando, tus hombres y cuello crujen mientras cambias de tamaño. No das crédito a lo que está sucediendo, estos cambios no producen ningún malestar en ti , sin embargo, el vapor azul cada es más y más insoportable. ','Piso 3 Habitación 1','habitacion1.png',false,9),
	 (16,'Avanzas a la siguiente sala y nada más entrar la puerta se cierra tras de ti . Apenas has tenido tiempo de escudriñar por encima la sala cuando la dichosa voz robótica anuncia su cuenta atrás. El patrón se está repitiendo cada vez más rápido, dejándote menos tiempo entre sala y sala.
<br>La sala en la que te encuentras tiene una distribución que te resulta familiar. Una puerta con el cartel Project-Z encima y dos armarios a los lados.
','Piso 3 Habitación 2','habitacion2.png',false,0),
	 (11,'Apareces en una sala idéntica a la habitación en la que despertaste.
<br>Echas un vistazo rápido y enseguida un ordenador encendido al lado de la camilla llama tu atención, necesitas respuestas.
<br>Te diriges al ordenador y empiezas a indagar en sus archivos, enseguida uno llama tu atención, “notas personales del proyecto”
<br>El archivo parece estar corrupto, y tan solo dos de sus entradas están disponibles .
<br><br>Nota * 7 : Los experimentos de hoy han sido extremadamente infructuosos, gracias al compuesto CJH desarrollado por el Doctor Ryan, ahora podemos acelerar la propagación y los efectos del virus por el cuerpo del sujeto a una velocidad 700 veces superior, pudiendo de esta forma comprobar que sucedería en los organismos pasado el tiempo . Los resultados no podrían ser más desalentadores, los 5 sujetos de pruebas asignados para hoy han quedado totalmente inservibles para futuras investigaciones.  Todos, sin excepción, han experimentado algún tipo de mutación irreversible al minuto 16:59 y han perdido el conocimiento durante unos instantes, mostrándose extremadamente violentos inmediatamente después de despertarse, casi todos ellos han tenido que ser sacrificados por seguridad y los que no lo han sido han muerto a las pocas horas. según los cálculos del doctor Ryan este tiempo de 17 minutos equivale a exactamente 17 años de manera natural. 
<br><br>NOTA 13 *:
<br>Registro de mutaciones 1: 
<br><br>Sujeto 1 : Varón, joven. Minuto 16, el individuo empieza a convulsionar de manera muy violenta mientras manteníamos una charla con él bastante amistosa y de manera normal un minuto antes.  Tras volver con el doctor Ryan, sus uñas habían crecido de forma desproporcionada en cuestión de milésimas de segundo, atravesando su cuerpo por la mitad y matándole en el acto. Tras este imprevisto, consideramos sedar a los individuos antes del proceso. 
<br><br>Sujeto 2:  Mujer de mediana edad, su nariz empieza a inflamarse sin control , desfigurándole el rostro e impidiéndole la respiración. El doctor Ryan le efectúa una traqueotomía, pero posteriormente se opta por la ejecución del individuo debido a su inestabilidad. 
<br>A medida que lees, la voz robótica hace su aparición . El vapor azul está a punto de hacer su aparición. 
<br>Has perdido demasiado tiempo con el ordenador y ahora tan solo tienes 5 minutos para salir de la habitación, sin embargo, en la sala quedan varios puntos que te gustaría examinar. Justo al lado del ordenador se encuentra una camilla como la tuya, las sábanas cubren un bulto que bien podría ser una persona o cualquier otra cosa. Enfrente tienes un escritorio , hay un cartel pegado que reza lo siguiente : “INSTRUCCIONES PARA EL SUJETO” 
','Piso 3 Habitación 1','habitacion1.png',false,0),
	 (24,'Empiezas a rebuscar en los documentos del armario algo que te de más información. Resulta muy complicado determinar que documentos podrían valer la pena y cuales no, pero entre todos ellos aparecen un par de notas que te resultan interesantes, pues tienen otro color.
<br><br>Nota 3 *: El equipo directivo cree que una muestra no será suficiente y teme además, que esta muera de manera accidental aunque tengan varias medidas adoptadas para impedir esto; nunca se pueden prever todos los acontecimientos de una vida, y tienen razón. Por ello han obtenido una autorización a cambio de una enorme suma de dinero para realizar una prueba a gran escala. Hemos podido acordar la cantidad de 1000 sujetos , se les ha dado el nombre en clave de los MIL , creemos que será más que suficiente para observar si nuestras previsiones se cumplen. 
<br><br>Nota 12 *:El Doctor Ryan ha iniciado el protocolo para solicitar sujetos de corta edad para los experimentos. Cree posible que en niños la asimilación de la sustancia se produzca de otra manera, sin embargo , solo le han proporcionado unos pocos especímenes de entre 6 y 10 años. Él cree que es insuficiente, pues sería necesario realizar las pruebas con todas las franjas de edad, especialmente con recién nacidos . 
<br><br>Empiezas a sentir como el vapor azul está llenando la habitación y corres a toda velocidad a la siguiente sala 
','Piso 3 Habitación 2','habitacion2.png',false,3),
	 (22,'Llegas a una habitación acolchada idéntica a la que habías visto antes. Como si de una adicción se tratase, esperas tranquilamente a que el vapor rojo llene la sala. No se hace esperar, lo disfrutas con tranquilidad durante unos minutos. Notas que, en esta ocasión , sus efectos parecen aún más potentes que antes y te sientes enormemente extasiado. Te percatas de que tu brazo postizo está cobrando una inusual fuerza, crees que podrías destrozar una pared de un solo puñetazo. 
<br><br>Cuando se acaban los efectos, sales de esa especie de sueño en el que te encontrabas y vuelves a la realidad.
','Piso 3 Habitación 3','habitacion3.png',false,0),
	 (10,'<br>Llegas a una habitación similar a la primera que estuviste . No conoces ningún motivo por el cual alguien querría hacerte lo que te está haciendo y te sientes profundamente desorientado. Enseguida descubres un ordenador encendido al lado de la camilla, un único archivo se encuentra en el escritorio.
<br>El archivo parece estar corrupto, y tan solo dos de sus entradas están disponibles .
<br><br>Nota * 7 : Los experimentos de hoy han sido extremadamente infructuosos, gracias al compuesto CJH desarrollado por el Doctor Ryan, ahora podemos acelerar la propagación y los efectos del virus por el cuerpo del sujeto a una velocidad 700 veces superior, pudiendo de esta forma comprobar que sucedería en los organismos pasado el tiempo . Los resultados no podrían ser más desalentadores, los 5 sujetos de pruebas asignados para hoy han quedado totalmente inservibles para futuras investigaciones.  Todos, sin excepción, han experimentado algún tipo de mutación irreversible al minuto 16:59 y han perdido el conocimiento durante unos instantes, mostrándose extremadamente violentos inmediatamente después de despertarse, casi todos ellos han tenido que ser sacrificados por seguridad y los que no lo han sido han muerto a las pocas horas. Según los cálculos del doctor Ryan este tiempo de 17 minutos equivale a exactamente 17 años de manera natural. 
<br><br>NOTA 13 *:
<br><br>Registro de mutaciones 1: 
<br><br>Sujeto 1 : Varón, joven. Minuto 16, el individuo empieza a convulsionar de manera muy violenta mientras manteníamos una charla con él bastante amistosa y de manera normal un minuto antes.  Tras volver con el doctor Ryan, sus uñas habían crecido de forma desproporcionada en cuestión de milésimas de segundo, atravesando su cuerpo por la mitad y matándole en el acto. Tras este imprevisto, consideramos sedar a los individuos antes del proceso. 
<br><br>Sujeto 2:  Mujer de mediana edad, su nariz empieza a inflamarse sin control , desfigurándole el rostro e impidiéndole la respiración. El doctor Ryan le efectúa una traqueotomía, pero posteriormente se opta por la ejecución del individuo debido a su inestabilidad. 
<br>A medida que lees, la voz robótica hace su aparición . El vapor azul está a punto de hacer su aparición. 
<br>Has perdido demasiado tiempo con el ordenador y ahora tan solo tienes 5 minutos para salir de la habitación, sin embargo, en la sala quedan varios puntos que te gustaría examinar. Justo al lado del ordenador se encuentra una camilla como la tuya, las sábanas cubren un bulto que bien podría ser una persona o cualquier otra cosa. Enfrente tienes un escritorio , hay un cartel pegado que reza lo siguiente : “INSTRUCCIONES PARA EL SUJETO” 
','Piso 3 Habitación 1','habitacion1.png',false,0),
	 (27,'Te acercas al escritorio y encuentras un papel pegado a la pared .
<br><br>
<br><br>INSTRUCCIONES PARA EL SUJETO
<br><br>1-	Si ha despertado y puede leer esto por favor, mantenga la calma. Usted podría ser un candidato valido.
<br><br>2-	No utilice su brazo cosido bajo ningún concepto, es difícil de explicar, pero es posible que pierda el control sobre su propia persona.
<br><br>3-	Necesitamos por el bien de la humanidad que alcance la planta baja de este edificio, si llega sano y salvo hay muchas posibilidades de que sea el sujeto elegido. Localice la maquina SCOA 
<br><br>4-	No se haga preguntas, por favor, siga las siguientes instrucciones de la maquina SCOA que encontrará en el vestíbulo
<br><br>5-	Si usted ha utilizado su brazo de forma extraña en algún momento, utilice en su lugar la maquina Jl12 de la segunda planta.
<br><br>Justo cuando terminas de leer las instrucciones, escuchas un bulto caer detrás tuya. Cuidadosamente giras tu cabeza para ver de qué se trata y descubres una criatura sin piel, con una lengua de alrededor de 5 metros rodeando su cuerpo. Instintivamente, avanzas a la siguiente sala con la esperanza de que la puerta se cierre tras de ti como venia haciendo anteriormente. Consigues llegar a la siguiente sala, pero cuando la puerta se está cerrando, la criatura consigue pararla con una de sus extremidades. Una voz de alarma resuena en la sala : 
<br><br>“ALERTA DE SEGURIDAD, PROTOCOLO INTERRUMPIDO POR AGENTE EXTERNO. SE SOLICITA INTERVENCIÓN MANUAL”

<br><br>Una luz roja intermitente comienza a parpadear, y en uno de los laterales, un panel se voltea dejando al descubierto una consola con dos botones, uno azul y otro rojo. La criatura parece haberte fijado como objetivo..
','Piso 3 Habitación 2','habitacion2.png',false,9),
	 (26,'Levantas poco a poco la sabana para ver lo que se encuentra debajo. Poco a poco, descubres lo que parece ser un ser humano y das un salto hacia atrás. Una vez superado este miedo inicial, vuelves para levantar la sabana por completo y te das cuenta de que lo que allí se encuentra no es un ser humano, sino una carcasa de lo que alguna vez fue un ser humano. Parece como si todo lo que hubiese en el interior hubiese sido succionado o peor aún, como si aquel ser humano hubiese mudado de piel. Antes de que puedas recomponerte de lo que estás viendo, notas un líquido caer sobre tu cabeza , el cual te produce un intenso escozor. Al alzar la vista para determinar de donde ha podido salir este líquido, ves lo que enseguida supones estaría dentro de la piel que acabas de encontrar. 
<br><br>Un ser sin piel alguna se encuentra encaramado en el techo , como si se tratase de una salamandra , de su boca sale una lengua que parece enrollar por todo su cuerpo, no sabrías determinar su longitud exacta, pero crees que no deben ser menos de 5 metros. De pronto, la criatura se deja caer delante tuya, sin embargo no estás seguro de que haya notado tu presencia..
','Piso 3 Habitación 1','habitacion1.png',false,0),
	 (28,'<br>Huyes rapidamente a la siguiente sala con la esperanza de que la puerta se cierre tras de ti como venía haciendo anteriormente. Consigues llegar a la siguiente sala, pero cuando la puerta se está cerrando, la criatura consigue pararla con una de sus extremidades. Una voz de alarma resuena en la sala : 
<br><br>“ALERTA DE SEGURIDAD, PROTOCOLO INTERRUMPIDO POR AGENTE EXTERNO. SE SOLICITA INTERVENCIÓN MANUAL”

<br><br>Una luz roja intermitente comienza a parpadear, y en uno de los laterales, un panel se voltea dejando al descubierto una consola con dos botones, uno azul y otro rojo. La criatura parece haberte fijado como objetivo..
','Piso 3 Habitación 2','habitacion2.png',false,9),
	 (29,'Pulsas el botón azul rápidamente. Una voz anuncia: 
<br><br>“Abriendo puertas de seguridad, desactivando medidas de seguridad criticas A2 y A3” 
<br><br>La puerta que tienes enfrente tuya con el cartel Project-Z se abre de par en par. De su interior surge una criatura que apenas puede entrar por el hueco de la puerta. De algunos orificios su cuerpo parece salir algún tipo de vapor corrosivo que derrite los elementos que toca. La lengua de la anterior criatura se lanza sobre esta nueva, atravesando una de sus extremidades. El behemoth lanza un chillido de dolor mientras cae al suelo que hace que te tapes los oídos. 
<br>Estando en el suelo comienza a tirar de la lengua para atraer al portador hacia sí mismo . Cuando lo tiene cerca, comienza a golpearle y logra zafarse de la lengua, la cual empezaba a rodear su cuerpo. 
<br>Aprovechas la pelea para intentar salir huyendo, ya que el vapor azul acaba de hacer su aparición. Tanto las criaturas como tu descienden su frenesí, todos los que os encontráis en la sala comenzáis a estar mucho más cansados. 
<br>Cuando estas a punto de cruzar el umbral de la puerta la lengua de una de las criaturas agarra tu pie, desestabilizándote y haciendo caer. Empieza a arrastrarte hasta sus fauces, pero en gran parte eres socorrido por el behemoth, ya que no para de golpear continuamente a la criatura que te tiene agarrado. Cuando estas al alcance, otra lengua que parece estar rodeada de filos sale del torso del behemoth e intenta atravesarte. Logras pararla con tu brazo postizo, el cual parece haber sido poseído por una fuerza sobrenatural. Aprietas con fuerza la lengua dentada y la destruyes sin mayor esfuerzo. Te levantas y te diriges hasta las criaturas enzarzadas, atraviesas al behemoth de un puñetazo , explotando en una fuente de sangre. El brazo parece haberse apoderado de ti. La criatura restante, bastante malherida por el combate y agotada por el vapor, no supone ningún esfuerzo para ti y la masacras sin compasión. Cuando has acabado, sientes un instinto muy fuerte de devorar a las criaturas. 
','Piso 3 Habitación 2','habitacion2.png',false,4),
	 (31,'Te acercas al escritorio y examinas su contenido, enseguida te llama la atención la nota que viste pegada en la pared. 
<br><br>INSTRUCCIONES PARA EL SUJETO
<br><br>1-	Si ha despertado y puede leer esto por favor, mantenga la calma. Usted podría ser un candidato valido.
<br><br>2-	No utilice su brazo cosido bajo ningún concepto, es difícil de explicar, pero es posible que pierda el control sobre su propia persona.
<br><br>3-	Necesitamos por el bien de la humanidad que alcance la planta baja de este edificio, si llega sano y salvo hay muchas posibilidades de que sea el sujeto elegido. Localice la maquina SCOA 
<br><br>4-	No se haga preguntas, por favor, siga las siguientes instrucciones de la maquina SCOA que encontrará en el vestíbulo
<br><br>5-	Si usted ha utilizado su brazo de forma extraña en algún momento, utilice en su lugar la maquina Jl12 de la segunda planta.


<br><br>Justo cuando terminas de leer las instrucciones, escuchas un bulto caer detrás tuya. Cuidadosamente giras tu cabeza para ver de qué se trata y descubres una criatura sin piel, con una lengua de alrededor de 5 metros rodeando su cuerpo. Instintivamente, avanzas a la siguiente sala con la esperanza de que la puerta se cierre tras de ti como venía haciendo anteriormente. Consigues llegar a la siguiente sala, pero cuando la puerta se está cerrando, la criatura consigue pararla con una de sus extremidades. Una voz de alarma resuena en la sala : 
<br><br>“ALERTA DE SEGURIDAD, PROTOCOLO INTERRUMPIDO POR AGENTE EXTERNO. SE SOLICITA INTERVENCIÓN MANUAL”
','Piso 3 Habitación 1','habitacion1.png',false,9),
	 (32,'Levantas poco a poco la sabana para ver lo que se encuentra debajo. Poco a poco, descubres lo que parece ser un ser humano y das un salto hacia atrás. Una vez superado este miedo inicial, vuelves para levantar la sabana por completo y te das cuenta de que lo que allí se encuentra no es un ser humano, sino una carcasa de lo que alguna vez fue un ser humano. Parece como si todo lo que hubiese en el interior hubiese sido succionado o peor aún, como si aquel ser humano hubiese mudado de piel. Antes de que puedas recomponerte de lo que estás viendo, notas un líquido caer sobre tu cabeza , el cual te produce un intenso escozor. Al alzar la vista para determinar de donde ha podido salir este líquido, ves lo que enseguida supones estaría dentro de la piel que acabas de encontrar. 
Un ser sin piel alguna se encuentra encaramado en el techo , como si se tratase de una salamandra , de su boca sale una lengua que parece enrollar por todo su cuerpo, no sabrías determinar su longitud exacta pero crees que no deben ser menos de 5 metros. De pronto, la criatura se deja caer delante tuya, sin embargo no estás seguro de que haya notado tu presencia..
Empuñas tu hacha y te dispones a hacer frente a la criatura allí mismo.
','Piso 3 Habitación 1','habitacion1.png',false,5),
	 (89,'Alzas tu hacha y de un golpe certero seccionas la extremidad que está impidiendo que se selle la sala. La criatura lanza un grito de dolor e intenta por todos los medios impedir quedar atrapada para siempre en el interior de la habitación  , pero es en vano.
<br>La puerta se cierra . Apenas has tenido tiempo de escudriñar por encima la sala cuando la dichosa voz robótica anuncia su cuenta atrás. El patrón se está repitiendo cada vez más rápido, dejándote menos tiempo entre sala y sala.
<br>La sala en la que te encuentras tiene una distribución que te resulta familiar. Una puerta con el cartel Project-Z encima y dos armarios a los lados.
','Piso 3 Habitación 2','habitacion2.png',false,0),
	 (33,'Atacas directamente con tu hacha la lengua de la criatura, seccionando un largo segmento, que queda en el suelo moviéndose como una lombriz buscando algo a lo que aferrarse. Inmediatamente vuelve a crecerle el segmento que falta, dejándote ahora pendiente de dos posibles enemigos: la criatura que tienes enfrente y la lengua seccionado, que busca sin descanso algo a lo que agarrarse. Tras recibir varios impactos de las lenguas logras por fin asestar un golpe certero en la cabeza que acaba con su vida, y avanzas magullado a la siguiente sala
<br>
La puerta se cierra . Apenas has tenido tiempo de escudriñar por encima la sala cuando la dichosa voz robótica anuncia su cuenta atrás. El patrón se está repitiendo cada vez más rápido, dejándote menos tiempo entre sala y sala.
<br>La sala en la que te encuentras tiene una distribución que te resulta familiar. Una puerta con el cartel Project-Z encima y dos armarios a los lados.
','Piso 3 Habitación 2','habitacion2.png',false,0),
	 (34,'Alzas el hacha y asestas un golpe con todas tus fuerzas en la cabeza de la criatura, el hacha se hunde hasta la mitad, dejando totalmente fuera de combate a la criatura. Avanzas a la siguiente sala
<br>La puerta se cierra . Apenas has tenido tiempo de escudriñar por encima la sala cuando la dichosa voz robótica anuncia su cuenta atrás. El patrón se está repitiendo cada vez más rápido, dejándote menos tiempo entre sala y sala.
<br>La sala en la que te encuentras tiene una distribución que te resulta familiar. Una puerta con el cartel Project-Z encima y dos armarios a los lados.
','Piso 3 Habitación 2','habitacion2.png',false,0),
	 (35,'Intentas por todos los medios romper el armario con tu hacha, pero es inútil, está demasiado reforzado. Te encuentras muy cansado, ya que hace algunos segundos el vapor ha hecho aparición en la sala, y no te queda otra que avanzar o morir.','Piso 3 Habitación 2','habitacion2.png',false,7),
	 (39,'Llegas a una habitación acolchada idéntica a la que habías visto antes. Como si de una adicción se tratase, esperas tranquilamente a que el vapor rojo llene la sala. No se hace esperar, lo disfrutas con tranquilidad durante unos minutos. 
<br>Cuando se acaban los efectos, sales de esa especie de sueño en el que te encontrabas y vuelves a la realidad.
','Piso 3 Habitación 3','habitacion3.png',false,0),
	 (36,'Empiezas a rebuscar en los documentos del armario algo que te de más información. Resulta muy complicado determinar que documentos podrían valer la pena y cuales no, pero entre todos ellos aparecen un par de notas que te resultan interesantes, pues tienen otro color.
<br><br>Nota 3 *: El equipo directivo cree que una muestra no será suficiente y teme, además, que esta muera de manera accidental, aunque tengan varias medidas adoptadas para impedir esto; nunca se pueden prever todos los acontecimientos de una vida, y tienen razón. Por ello han obtenido una autorización a cambio de una enorme suma de dinero para realizar una prueba a gran escala. Hemos podido acordar la cantidad de 1000 sujetos , se les ha dado el nombre en clave de los MIL , creemos que será más que suficiente para observar si nuestras previsiones se cumplen. 
<br><br>Nota 12 *:El Doctor Ryan ha iniciado el protocolo para solicitar sujetos de corta edad para los experimentos. Cree posible que en niños la asimilación de la sustancia se produzca de otra manera, sin embargo , solo le han proporcionado unos pocos especímenes de entre 6 y 10 años. Él cree que es insuficiente, pues sería necesario realizar las pruebas con todas las franjas de edad, especialmente con recién nacidos . 
<br>Empiezas a sentir como el vapor azul está llenando la habitación y corres a toda velocidad a la siguiente sala 
','Piso 3 Habitación 2','habitacion2.png',false,8),
	 (38,'Enciendes los ordenadores uno a uno con la esperanza de que alguno de ellos no requiera contraseña . Pruebas contraseñas al azar en algunos de ellos, 1879, 524, números que recuerdas haber visto desde que despertaste, pero ninguno es válido. Finalmente, observas que un ordenador se dirige directamente al escritorio tras su encendido y comienzas a indagar en la máquina. Logras entrar en lo que parece una bandeja de correo electrónico y lees algunos mensajes sin importancia, pero dos de ellos llaman tu atención.
Email 1 : 
El compuesto S, inicialmente desarrollado para "limpiar" el organismo del sujeto de pruebas del virus y poder experimentar de nuevo con el como si fuese un sujeto limpio, ha sufrido hoy una mutación dentro del organismo de uno de los sujetos, su nombre es J K Murray, el virus no parece afectarle de ninguna manera tras 117 intentos consecutivos, se ha vuelto totalmente inmune. El doctor Ryan ha extraído una muestra del nuevo compuesto , que ha denominado Compuesto SvFinal. El doctor Ryan ha empezado a comportarse de forma inusual tras esto, no ha querido dejar constancia del nuevo descubrimiento y ha salido a toda prisa del recinto.  
Email 2:
Estamos muy entusiasmados con los avances que han hecho, y es posible que el compuesto actual nos sea de ayuda tal y como esta salvo por un pequeño inconveniente, 17 años de forma natural para que actúe son excesivos, ¿hay alguna forma de acelerar el proceso?
 Att. Depto defensa EEUU . 
Antes de que puedas seguir indagando en la bandeja de entrada empiezas a sentirte muy fatigado, estabas tan absorto en tu búsqueda que no te has percatado de que el vapor azul ya había hecho su aparición. 
','Piso 3 Habitación 2','habitacion2.png',false,2),
	 (20,'<br>Aterrizas en una habitación que parece totalmente impoluta y sin peligros. No obstante, antes de hacer nada empiezas a mirar por el techo , rincones y por toda la superficie, no quieres más sustos. En la habitación se encuentra un ordenador encendido en medio de la sala. La puerta está cerrada, así que parece que te están invitando a utilizar el ordenador. 
<br>Existen varios archivos a los que puedes acceder, pero de pronto, la cuenta atrás vuelve hacer su aparición de forma esta vez, totalmente inesperada. Solo vas a tener tiempo para ver dos archivos..
','Piso 2 Habitación 1','habitacion1.png',false,0),
	 (25,'<br>Aterrizas en una habitación que parece totalmente impoluta y sin peligros. No obstante, antes de hacer nada empiezas a mirar por el techo , rincones y por toda la superficie, no quieres más sustos. En la habitación se encuentra un ordenador encendido en medio de la sala. La puerta está cerrada, así que parece que te están invitando a utilizar el ordenador. 
<br>Existen varios archivos a los que puedes acceder, pero de pronto, la cuenta atrás vuelve hacer su aparición de forma esta vez, totalmente inesperada. Solo vas a tener tiempo para ver dos archivos..
','Piso 2 Habitación 1','habitacion1.png',false,0),
	 (40,'<br>Aterrizas en una habitación que parece totalmente impoluta y sin peligros. No obstante, antes de hacer nada empiezas a mirar por el techo , rincones y por toda la superficie, no quieres más sustos. En la habitación se encuentra un ordenador encendido en medio de la sala. La puerta está cerrada, así que parece que te están invitando a utilizar el ordenador. 
<br>Existen varios archivos a los que puedes acceder, pero de pronto, la cuenta atrás vuelve hacer su aparición de forma esta vez, totalmente inesperada. Solo vas a tener tiempo para ver dos archivos..
','Piso 2 Habitación 1','habitacion1.png',false,0),
	 (41,'Abres los archivos elegidos:
<br><br>Nota * 8 : La organización ha activado el proceso Plaga, los MIL y el sujeto 0 han de ser eliminados antes de que se sobrepase el umbral debido a los resultados obtenidos con el compuesto CJH. El Doctor Ryan se encuentra muy deprimido, cree que al menos deberíamos obtener y aislar a algunos de ellos. No obstante, le he invitado a desayunar para mejorar su estado anímico.
<br>Nota 18 *: 
<br><br>No son muchos los sujetos menores de 10 años que podemos tratar, pero el 100% de los casos muta de una manera muy particular y siempre se repite el mismo patrón . Desarrollan ventosas en todos los dedos y pueden trasladarse por cualquier superficie, como una salamandra. Además, aparecen por todo su abdomen una serie de colmillos alineados extremadamente duros y afilados. Estos individuos siempre sobreviven . Se les ofrecen diferentes tipos de animales en las cámaras aisladas. Su procedimiento es aferrarse a ellos y apretarse en forma de bola contra cualquier parte a la que puedan agarrarse, desgarrándola con las nuevas protuberancias duras y afiladas de su pecho y abdomen. Posteriormente no hacen uso de la víctima, ni como alimento ni como entretenimiento, parece ser que simplemente acaban con la vida sin ninguna razón aparente. 
<br>El doctor Ryan todavía no sabe responder porque estos sujetos no se alimentan, si no lo necesitan, o no saben que deben hacerlo .
<br><br>Nota 21 : Los niños inoculados han empezado a experimentar horribles mutaciones en sus casas. Han pasado 4 años y medio desde la Gran Evolución.  Los muertos se acumulan en las calles, creo que hemos precipitado el apocalipsis. Nunca debí aceptar la propuesta del Doctor Ryan, ¿Para que necesitábamos más dinero? ¿Por qué me deje arrastrar por su ambición? Es cierto que según los datos que me mostró esto jamás debería haber sucedido, pero jamás podre perdonarlo. El Doctor Ryan inoculó un virus distinto con el que habíamos experimentado tiempo atrás y del cual conocía la vacuna, su intención era hacerse rico vendiendo esta cuando los primeros síntomas aflorasen en los niños de la Gran Evolución, pero ambas sustancias parecen haber reaccionado de alguna manera imprevisible, dando resultado a lo que estamos viviendo hoy en día .
<br>Esta será la ultima nota de mi Bitácora. Espero que algún día me podáis perdonar
<br><br>Firmado John Slinger.
<br><br>Antes de que la cuenta atrás llegue a 0 , la pantalla se apaga. Al lado de cada documento que leías aparecía en pequeño la foto de un señor denominado Dr. Ryan. Tu sorpresa es mayúscula cuando al apagarse la pantalla, puedes ver reflejado exactamente el mismo rostro que el de las fotos. ¿Eres tú el Dr. Ryan? 
<br><br>La siguiente sala es una copia idéntica a la anterior salvo por un detalle, una mesa , un ordenador y un aparato grande en el que perfectamente cabe una persona, denominado por el cartel que observas en la parte superior Maquina Jl12... La cuenta atrás ha vuelto a empezar
','Piso 2 Habitación 2','habitacion2.png',false,0),
	 (42,'<br>Abres los archivos elegidos :
<br><br>INSTRUCCIONES PARA EL SUJETO
<br><br>1-	Si ha despertado y puede leer esto por favor, mantenga la calma. Usted podría ser un candidato valido.
<br><br>2-	No utilice su brazo cosido bajo ningún concepto, es difícil de explicar, pero es posible que pierda el control sobre su propia persona.
<br><br>3-	Necesitamos por el bien de la humanidad que alcance la planta baja de este edificio, si llega sano y salvo hay muchas posibilidades de que sea el sujeto elegido. Localice la maquina SCOA 
<br><br>4-	No se haga preguntas, por favor, siga las siguientes instrucciones de la maquina SCOA que encontrará en el vestíbulo
<br><br>5-	Si usted ha utilizado su brazo de forma extraña en algún momento, utilice en su lugar la maquina Jl12 de la segunda planta.

<br><br>Antes de que la cuenta atrás llegue a 0 , la pantalla se apaga. Al lado de cada documento que leías aparecía en pequeño la foto de un señor denominado Dr. Ryan. Tu sorpresa es mayúscula cuando al apagarse la pantalla, puedes ver reflejado exactamente el mismo rostro que el de las fotos. ¿Eres tú el Dr. Ryan? 
<br><br>La siguiente sala es una copia idéntica a la anterior salvo por un detalle, una mesa, un ordenador y un aparato grande en el que perfectamente cabe una persona, denominado por el cartel que observas en la parte superior Maquina Jl12... La cuenta atrás ha vuelto a empezar
','Piso 2 Habitación 2','habitacion2.png',false,0),
	 (45,'Abres los archivos elegidos:
<br><br>Nota * 8 : La organización ha activado el proceso Plaga, los MIL y el sujeto 0 han de ser eliminados antes de que se sobrepase el umbral debido a los resultados obtenidos con el compuesto CJH. El Doctor Ryan se encuentra muy deprimido, cree que al menos deberíamos obtener y aislar a algunos de ellos. No obstante, le he invitado a desayunar para mejorar su estado anímico.
<br>Nota 18 *: 
<br><br>No son muchos los sujetos menores de 10 años que podemos tratar, pero el 100% de los casos muta de una manera muy particular y siempre se repite el mismo patrón . Desarrollan ventosas en todos los dedos y pueden trasladarse por cualquier superficie, como una salamandra. Además, aparecen por todo su abdomen una serie de colmillos alineados extremadamente duros y afilados. Estos individuos siempre sobreviven . Se les ofrecen diferentes tipos de animales en las cámaras aisladas. Su procedimiento es aferrarse a ellos y apretarse en forma de bola contra cualquier parte a la que puedan agarrarse, desgarrándola con las nuevas protuberancias duras y afiladas de su pecho y abdomen. Posteriormente no hacen uso de la víctima, ni como alimento ni como entretenimiento, parece ser que simplemente acaban con la vida sin ninguna razón aparente. 
<br>El doctor Ryan todavía no sabe responder porque estos sujetos no se alimentan, si no lo necesitan, o no saben que deben hacerlo .
<br><br>Nota 21 : Los niños inoculados han empezado a experimentar horribles mutaciones en sus casas. Han pasado 4 años y medio desde la Gran Evolución.  Los muertos se acumulan en las calles, creo que hemos precipitado el apocalipsis. Nunca debí aceptar la propuesta del Doctor Ryan, ¿Para que necesitábamos más dinero? ¿Por qué me deje arrastrar por su ambición? Es cierto que según los datos que me mostró esto jamás debería haber sucedido, pero jamás podre perdonarlo. El Doctor Ryan inoculó un virus distinto con el que habíamos experimentado tiempo atrás y del cual conocía la vacuna, su intención era hacerse rico vendiendo esta cuando los primeros síntomas aflorasen en los niños de la Gran Evolución, pero ambas sustancias parecen haber reaccionado de alguna manera imprevisible, dando resultado a lo que estamos viviendo hoy en día .
<br>Esta será la ultima nota de mi Bitácora. Espero que algún día me podáis perdonar
<br><br>Firmado John Slinger.
<br><br>Antes de que la cuenta atrás llegue a 0 , la pantalla se apaga. Al lado de cada documento que leías aparecía en pequeño la foto de un señor denominado Dr. Ryan. Tu sorpresa es mayúscula cuando al apagarse la pantalla, puedes ver reflejado exactamente el mismo rostro que el de las fotos. ¿Eres tú el Dr. Ryan? 
<br><br>La siguiente sala es una copia idéntica a la anterior salvo por un detalle, una mesa , un ordenador  y un aparato grande en el que perfectamente cabe una persona, denominado por el cartel que observas en la parte superior Maquina Jl12... La cuenta atrás ha vuelto a empezar
','Piso 2 Habitación 2','habitacion2.png',false,0),
	 (46,'<br>Abres los archivos elegidos :
<br><br>INSTRUCCIONES PARA EL SUJETO
<br><br>1-	Si ha despertado y puede leer esto por favor, mantenga la calma. Usted podría ser un candidato valido.
<br><br>2-	No utilice su brazo cosido bajo ningún concepto, es difícil de explicar, pero es posible que pierda el control sobre su propia persona.
<br><br>3-	Necesitamos por el bien de la humanidad que alcance la planta baja de este edificio, si llega sano y salvo hay muchas posibilidades de que sea el sujeto elegido. Localice la maquina SCOA 
<br><br>4-	No se haga preguntas, por favor, siga las siguientes instrucciones de la maquina SCOA que encontrará en el vestíbulo
<br><br>5-	Si usted ha utilizado su brazo de forma extraña en algún momento, utilice en su lugar la maquina Jl12 de la segunda planta.

<br><br>Antes de que la cuenta atrás llegue a 0 , la pantalla se apaga. Al lado de cada documento que leías aparecía en pequeño la foto de un señor denominado Dr. Ryan. Tu sorpresa es mayúscula cuando al apagarse la pantalla, puedes ver reflejado exactamente el mismo rostro que el de las fotos. ¿Eres tú el Dr. Ryan? 
<br><br>La siguiente sala es una copia idéntica a la anterior salvo por un detalle, una mesa, un ordenador y un aparato grande en el que perfectamente cabe una persona, denominado por el cartel que observas en la parte superior Maquina Jl12... La cuenta atrás ha vuelto a empezar
','Piso 2 Habitación 2','habitacion2.png',false,0),
	 (47,'Abres los archivos elegidos :
<br>Nota *9: El doctor Ryan y yo hemos conseguido mejorar el activo añadiendo muestras de compuestos que habían desarrollado los antiguos participantes del ensayo tras sus mutaciones. Creemos que la organización no debería saber nada de esto por el momento, las muestras son pequeñas y si empiezan a sobrevivir de ahora en adelante podría atribuirse a una simple coincidencia.
<br><br>Nota 10 *: Aproximadamente uno de cada cinco individuos sobrevive ahora a los efectos acelerados del virus, pero no vuelve a ser un humano como lo conocíamos. Se vuelven como animales extremadamente violentos y desarrollan en la mayoría de los casos algún tipo de mutación como defensa, el doctor Ryan se pregunta si este tipo de mutaciones podrían controlarse en el futuro y aplicarse a voluntad. 
<br><br>Nota 11*: Los especímenes mutados son exactamente como queríamos, son prácticamente inmortales, ningún patógeno conocido parece afectarles , ninguno sufre enfermedades y parecen estar perfectamente sanos durante todo el tiempo que los mantenemos con vida. Son muy resistentes al calor y al frio y pueden pasar grandes temporadas sin consumir ningún tipo de alimento. De igual manera son extremadamente resistentes a las amenazas externas, desde el fuego e impactos de bala hasta grandes presiones como caídas o aplastamientos. Es precisamente lo que necesitamos para la humanidad. 
<br><br>Nota 17 * : El Doctor Ryan ha sido padre. Esta tan seguro de la eficacia de su compuesto que ha decidido inocular en su propio hijo el compuesto, permitiendo así además que el consejo de luz verde  a una prueba general en sujetos recién nacidos. Hoy ha vuelto a invitarme a desayunar.

<br><br>Antes de que la cuenta atrás llegue a 0 , la pantalla se apaga. Al lado de cada documento que leías aparecía en pequeño la foto de un señor denominado Dr. Ryan. Tu sorpresa es mayúscula cuando al apagarse la pantalla, puedes ver reflejado exactamente el mismo rostro que el de las fotos. ¿Eres tú el Dr. Ryan? 
<br>La siguiente sala es una copia idéntica a la anterior salvo por un detalle, una mesa , un ordenador y un aparato grande en el que perfectamente cabe una persona, denominado por el cartel que observas en la parte superior Maquina Jl12... La cuenta atrás ha vuelto a empezar
','Piso 2 Habitación 2','habitacion2.png',false,0),
	 (48,'Abres los archivos elegidos :
<br>Nota 5 * : El Doctor Ryan ha venido muy contento a mi despacho hoy, ha conseguido acelerar de manera significativa el proceso, según los datos que me ha mostrado. Para celebrarlo, me ha invitado a desayunar. Los nuevos experimentos comenzarán en cuanto se determine que sujetos son candidatos para estas pruebas. 
<br><br>Nota 14 *:
Registro de mutaciones 2
<br><br>Sujeto 3: Varón, anciano. En el minuto 16 su mandíbula empieza a crecer. Se decide aislarle en una cámara blindada para observar su comportamiento tras despertarse. Cuando se despierta, el individuo intenta incorporarse de la camilla, el peso de su cabeza produce una rotura de su columna vertebral, quedando pues el sujeto inservible para posteriores pruebas. 
<br><br>Sujeto 4: No parece haber sufrido ninguna mutación a simple vista, pero su pulso vital desciende a 5 por hora, pareciendo prácticamente muerto. Se procede a aislarle en una cámara blindada. Al despertar, no se observa ningún signo especialmente dañino en el individuo. No responde a ninguna pregunta ni reacciona ante ningún estimulo, pero parece observar la estancia con detenimiento. Un miembro del equipo se aproxima para introducir algo de alimento por la ventanilla, al verle, su lengua atraviesa la propia boca del sujeto, la puerta y la cabeza de nuestro compañero. El equipo de seguridad procede a la neutralización del sujeto. 
<br><br>Nota 20 : Se inicia el proceso de la Gran Evolución.  Todos los gobiernos sin excepción han dado el visto bueno a la iniciativa. Tras estos años de pruebas, se ha comprobado que el ser humano resultante se convierte en un organismo prácticamente invulnerable a cualquier patógeno conocido, estimamos además, que su esperanza de vida se multiplique exponencialmente. No necesitaremos para nada mas a la Naturaleza, la hemos vencido, ahora somos dueños de nuestro propio destino. 
<br>El Doctor Ryan me ha invitado a desayunar para celebrarlo, creo que esta vez se podía haber estirado un poco más. 

<br><br>Antes de que la cuenta atrás llegue a 0 , la pantalla se apaga. Al lado de cada documento que leías aparecía en pequeño la foto de un señor denominado Dr. Ryan. Tu sorpresa es mayúscula cuando al apagarse la pantalla, puedes ver reflejado exactamente el mismo rostro que el de las fotos. ¿Eres tú el Dr. Ryan? 
<br>La siguiente sala es una copia idéntica a la anterior salvo por un detalle, una mesa , un ordenador y un aparato grande en el que perfectamente cabe una persona, denominado por el cartel que observas en la parte superior Maquina Jl12... La cuenta atrás ha vuelto a empezar
','Piso 2 Habitación 2','habitacion2.png',false,0),
	 (49,'Abres los archivos elegidos:
<br><br>Nota * 8 : La organización ha activado el proceso Plaga, los MIL y el sujeto 0 han de ser eliminados antes de que se sobrepase el umbral debido a los resultados obtenidos con el compuesto CJH. El Doctor Ryan se encuentra muy deprimido, cree que al menos deberíamos obtener y aislar a algunos de ellos. No obstante, le he invitado a desayunar para mejorar su estado anímico.
<br>Nota 18 *: 
<br><br>No son muchos los sujetos menores de 10 años que podemos tratar, pero el 100% de los casos muta de una manera muy particular y siempre se repite el mismo patrón . Desarrollan ventosas en todos los dedos y pueden trasladarse por cualquier superficie, como una salamandra. Además, aparecen por todo su abdomen una serie de colmillos alineados extremadamente duros y afilados. Estos individuos siempre sobreviven . Se les ofrecen diferentes tipos de animales en las cámaras aisladas. Su procedimiento es aferrarse a ellos y apretarse en forma de bola contra cualquier parte a la que puedan agarrarse, desgarrándola con las nuevas protuberancias duras y afiladas de su pecho y abdomen. Posteriormente no hacen uso de la víctima, ni como alimento ni como entretenimiento, parece ser que simplemente acaban con la vida sin ninguna razón aparente. 
<br>El doctor Ryan todavía no sabe responder porque estos sujetos no se alimentan, si no lo necesitan, o no saben que deben hacerlo .
<br><br>Nota 21 : Los niños inoculados han empezado a experimentar horribles mutaciones en sus casas. Han pasado 4 años y medio desde la Gran Evolución.  Los muertos se acumulan en las calles, creo que hemos precipitado el apocalipsis. Nunca debí aceptar la propuesta del Doctor Ryan, ¿Para que necesitábamos más dinero? ¿Por qué me deje arrastrar por su ambición? Es cierto que según los datos que me mostró esto jamás debería haber sucedido, pero jamás podre perdonarlo. El Doctor Ryan inoculó un virus distinto con el que habíamos experimentado tiempo atrás y del cual conocía la vacuna, su intención era hacerse rico vendiendo esta cuando los primeros síntomas aflorasen en los niños de la Gran Evolución, pero ambas sustancias parecen haber reaccionado de alguna manera imprevisible, dando resultado a lo que estamos viviendo hoy en día .
<br>Esta será la ultima nota de mi Bitácora. Espero que algún día me podáis perdonar
<br><br>Firmado John Slinger.
<br><br>Antes de que la cuenta atrás llegue a 0 , la pantalla se apaga. Al lado de cada documento que leías aparecía en pequeño la foto de un señor denominado Dr. Ryan. Tu sorpresa es mayúscula cuando al apagarse la pantalla, puedes ver reflejado exactamente el mismo rostro que el de las fotos. ¿Eres tú el Dr. Ryan? 
<br><br>La siguiente sala es una copia idéntica a la anterior salvo por un detalle, una mesa , un ordenador y un aparato grande en el que perfectamente cabe una persona, denominado por el cartel que observas en la parte superior Maquina Jl12... La cuenta atrás ha vuelto a empezar
','Piso 2 Habitación 2','habitacion2.png',false,0),
	 (50,'<br>Abres los archivos elegidos :
<br><br>INSTRUCCIONES PARA EL SUJETO
<br><br>1-	Si ha despertado y puede leer esto por favor, mantenga la calma. Usted podría ser un candidato valido.
<br><br>2-	No utilice su brazo cosido bajo ningún concepto, es difícil de explicar, pero es posible que pierda el control sobre su propia persona.
<br><br>3-	Necesitamos por el bien de la humanidad que alcance la planta baja de este edificio, si llega sano y salvo hay muchas posibilidades de que sea el sujeto elegido. Localice la maquina SCOA 
<br><br>4-	No se haga preguntas, por favor, siga las siguientes instrucciones de la maquina SCOA que encontrará en el vestíbulo
<br><br>5-	Si usted ha utilizado su brazo de forma extraña en algún momento, utilice en su lugar la maquina Jl12 de la segunda planta.

<br><br>Antes de que la cuenta atrás llegue a 0 , la pantalla se apaga. Al lado de cada documento que leías aparecía en pequeño la foto de un señor denominado Dr. Ryan. Tu sorpresa es mayúscula cuando al apagarse la pantalla, puedes ver reflejado exactamente el mismo rostro que el de las fotos. ¿Eres tú el Dr. Ryan? 
<br><br>La siguiente sala es una copia idéntica a la anterior salvo por un detalle, una mesa, un ordenador y un aparato grande en el que perfectamente cabe una persona, denominado por el cartel que observas en la parte superior Maquina Jl12... La cuenta atrás ha vuelto a empezar
','Piso 2 Habitación 2','habitacion2.png',false,0),
	 (51,'Abres los archivos elegidos :
<br>Nota *9: El doctor Ryan y yo hemos conseguido mejorar el activo añadiendo muestras de compuestos que habían desarrollado los antiguos participantes del ensayo tras sus mutaciones. Creemos que la organización no debería saber nada de esto por el momento, las muestras son pequeñas y si empiezan a sobrevivir de ahora en adelante podría atribuirse a una simple coincidencia.
<br><br>Nota 10 *: Aproximadamente uno de cada cinco individuos sobrevive ahora a los efectos acelerados del virus, pero no vuelve a ser un humano como lo conocíamos. Se vuelven como animales extremadamente violentos y desarrollan en la mayoría de los casos algún tipo de mutación como defensa, el doctor Ryan se pregunta si este tipo de mutaciones podrían controlarse en el futuro y aplicarse a voluntad. 
<br><br>Nota 11*: Los especímenes mutados son exactamente como queríamos, son prácticamente inmortales, ningún patógeno conocido parece afectarles , ninguno sufre enfermedades y parecen estar perfectamente sanos durante todo el tiempo que los mantenemos con vida. Son muy resistentes al calor y al frio y pueden pasar grandes temporadas sin consumir ningún tipo de alimento. De igual manera son extremadamente resistentes a las amenazas externas, desde el fuego e impactos de bala hasta grandes presiones como caídas o aplastamientos. Es precisamente lo que necesitamos para la humanidad. 
<br><br>Nota 17 * : El Doctor Ryan ha sido padre. Esta tan seguro de la eficacia de su compuesto que ha decidido inocular en su propio hijo el compuesto, permitiendo así además que el consejo de luz verde  a una prueba general en sujetos recién nacidos. Hoy ha vuelto a invitarme a desayunar.

<br><br>Antes de que la cuenta atrás llegue a 0 , la pantalla se apaga. Al lado de cada documento que leías aparecía en pequeño la foto de un señor denominado Dr. Ryan. Tu sorpresa es mayúscula cuando al apagarse la pantalla, puedes ver reflejado exactamente el mismo rostro que el de las fotos. ¿Eres tú el Dr. Ryan? 
<br>La siguiente sala es una copia idéntica a la anterior salvo por un detalle, una mesa , un ordenador y un aparato grande en el que perfectamente cabe una persona, denominado por el cartel que observas en la parte superior Maquina Jl12... La cuenta atrás ha vuelto a empezar
','Piso 2 Habitación 2','habitacion2.png',false,0),
	 (52,'Abres los archivos elegidos :
<br>Nota 5 * : El Doctor Ryan ha venido muy contento a mi despacho hoy, ha conseguido acelerar de manera significativa el proceso, según los datos que me ha mostrado. Para celebrarlo, me ha invitado a desayunar. Los nuevos experimentos comenzarán en cuanto se determine que sujetos son candidatos para estas pruebas. 
<br><br>Nota 14 *:
Registro de mutaciones 2
<br><br>Sujeto 3: Varón, anciano. En el minuto 16 su mandíbula empieza a crecer. Se decide aislarle en una cámara blindada para observar su comportamiento tras despertarse. Cuando se despierta, el individuo intenta incorporarse de la camilla, el peso de su cabeza produce una rotura de su columna vertebral, quedando pues el sujeto inservible para posteriores pruebas. 
<br><br>Sujeto 4: No parece haber sufrido ninguna mutación a simple vista, pero su pulso vital desciende a 5 por hora, pareciendo prácticamente muerto. Se procede a aislarle en una cámara blindada. Al despertar, no se observa ningún signo especialmente dañino en el individuo. No responde a ninguna pregunta ni reacciona ante ningún estimulo, pero parece observar la estancia con detenimiento. Un miembro del equipo se aproxima para introducir algo de alimento por la ventanilla, al verle, su lengua atraviesa la propia boca del sujeto, la puerta y la cabeza de nuestro compañero. El equipo de seguridad procede a la neutralización del sujeto. 
<br><br>Nota 20 : Se inicia el proceso de la Gran Evolución.  Todos los gobiernos sin excepción han dado el visto bueno a la iniciativa. Tras estos años de pruebas, se ha comprobado que el ser humano resultante se convierte en un organismo prácticamente invulnerable a cualquier patógeno conocido, estimamos además, que su esperanza de vida se multiplique exponencialmente. No necesitaremos para nada mas a la Naturaleza, la hemos vencido, ahora somos dueños de nuestro propio destino. 
<br>El Doctor Ryan me ha invitado a desayunar para celebrarlo, creo que esta vez se podía haber estirado un poco más. 

<br><br>Antes de que la cuenta atrás llegue a 0 , la pantalla se apaga. Al lado de cada documento que leías aparecía en pequeño la foto de un señor denominado Dr. Ryan. Tu sorpresa es mayúscula cuando al apagarse la pantalla, puedes ver reflejado exactamente el mismo rostro que el de las fotos. ¿Eres tú el Dr. Ryan? 
<br>La siguiente sala es una copia idéntica a la anterior salvo por un detalle, una mesa , un ordenador y un aparato grande en el que perfectamente cabe una persona, denominado por el cartel que observas en la parte superior Maquina Jl12... La cuenta atrás ha vuelto a empezar
','Piso 2 Habitación 2','habitacion2.png',false,0),
	 (55,'Abres los archivos seleccionados:
<br><br>Nota 2 * : El primer experimento se ha realizado hoy.  El sujeto, una mujer joven , ha sido inoculada con la primera muestra y tendrá que pasar por revisión durante los próximos 17 años al menos una vez cada mes. Sabemos que el proceso es largo, pero sin duda alguna merecerá la pena. El Doctor Ryan sigue intentando implementar avances orientados en acelerar el proceso, pero de momento no dan resultados concluyentes.
<br><br>Nota 15 :
<br><br>Registro de mutaciones 3 :
<br>Sujeto 5: Niña, 5 años. El Doctor Ryan ha insistido en incorporar sujetos de temprana edad en los experimentos. Necesitamos comprobar si la asimilación del reactivo se produce de una manera menos agresiva en estos sujetos. Tras la inyección , no se observa ningún signo de rechazo por parte del sujeto , incluso más allá de la barrera de los 17 minutos. Al día siguiente , el niño parece estar en perfecto estado. ¡Es posible que esto fuese lo que buscábamos! . Se solicitan pruebas con niños en franja de edad menor a cinco años.
<br>Sujeto 6 : Anciano de 92 años en estado vegetal. No debemos descartar sin realizar las pruebas pertinentes la posibilidad de que el compuesto reaccione de distinta forma en una franja de edad tan elevada. El Doctor Ryan ha insistido esta vez en administrarle las dosis de manera gradual. El cuerpo del sujeto ha experimentado síntomas desde las primeras dosis, pero esto no tendría por qué ser necesariamente negativo. La piel ha comenzado a abrirse por múltiples partes de su cuerpo y de estos orificios ha comenzado a salir una especie de vapor. El sujeto sigue vivo y en estado vegetal, la muestra es guardada para futuros análisis.
<br><br>Nota 16 *:
<br>Registro de mutaciones 4 :
<br>Sujeto 7: Varón de mediana edad. Pasado el minuto 16 sus ojos se bañan en sangre . Las cuencas oculares empiezan a expandirse y los ojos caen al suelo como canicas . De estos grandes orificios empieza a emanar un líquido amarillento, el suelo bajo el sujeto comienza a deshacerse debido al contacto con el liquido. El sujeto cae hacia el piso inferior. Se envía un equipo especial para eliminar al espécimen.
<br>Sujeto 8:  Mujer de corta edad. Este sujeto se encuentra en una fase terminal de cáncer. Es traído aquí bajo el pretexto de una cura milagrosa. Tras inyectarle el compuesto y pasados los 16 minutos, comenzamos a ver como su cuerpo se hincha y empieza a rajarse. Esta es la mutación más rara hasta la fecha, sus órganos internos están devorando a la muchacha y parecen haber adquirido autonomía. De su interior empiezan a salir criaturas con las formas de sus órganos, el corazón, el hígado, los pulmones. Finalmente, su cerebro también eclosiona del interior del cráneo . Todos los órganos parecen empezar a luchar entre si, algunos tienen algo parecido a dientes, otros tentáculos, otros exhalan un vapor corrosivo. A decir verdad, es un festival digno de contemplar, lástima que no tenga aquí mi cámara. Es broma, jamás podrían autorizarme a grabar algo aquí dentro.. 
<br><br>Se solicita un equipo especial para la aniquilación por calor de las nuevas criaturas. 

<br><br>Cuando terminas de leer, la cuenta atrás también está llegando a su fin. Procedes a realizar el sistemático ritual del vapor rojo y desciendes hasta lo que parece ser la última planta de esta pesadilla 
','Piso 2 Habitación 3','habitacion3.png',false,0),
	 (54,'Abres los archivos seleccionados:
<br><br>Nota 1 * : Finalmente y tras mucho trabajo hemos sido autorizados para iniciar los experimentos del patógeno con seres humanos. El doctor Ryan me ha invitado hoy a desayunar para celebrarlo . Las primeras pruebas se realizarán cuando tengamos una muestra apropiada a nuestra disposición. Por fin podremos mejorar a la humanidad de una forma total y para siempre, esto es un gran paso para todos los seres humanos. El proyecto Genesis ha comenzado de manera oficial. 
<br><br>Nota 6* : Hoy se nos ha proporcionado por fin los nuevos sujetos de prueba. Han sido conducidos por el circuito de sanitización. Los tendremos disponibles en aproximadamente 4 días. Nadie nos dice de donde traen los individuos , pero parecen totalmente dispuestos a colaborar y se muestran muy amistosos, al menos durante los primeros momentos. Vienen muy bien vestidos 
<br><br>Nota 19 : Hoy es el gran día. El Doctor Ryan ha traído los resultados de las pruebas en niños menores de 5 años , ninguno ha sufrido daños, han resistido bien todas las fases y como esperábamos, son invulnerables ante cualquier patógeno externo . El problema del compuesto CJH para acelerar el proceso es que también altera de forma violenta algunos genes, por lo tanto, los sujetos acelerados no podrían reproducirse. Es cierto que si el proyecto Genesis tiene éxito, apenas necesitaremos nuevos humanos para reponer los que ya tenemos, pero siempre pueden fallecer por accidentes. Tras la reunión del comité y de los principales gobiernos, se opta por iniciar el proyecto Gran Evolución. Todos los niños nacidos en un rango de 1 año serán inoculados con el compuesto, la naturaleza hará el resto con el tiempo con los menos favorables. Hemos cambiado el mundo. 

<br><br>Cuando terminas de leer, la cuenta atrás también está llegando a su fin. Procedes a realizar el sistemático ritual del vapor rojo y desciendes hasta lo que parece ser la última planta de esta pesadilla 
','Piso 2 Habitación 3','habitacion3.png',false,0),
	 (56,'Abres el archivo seleccionado:
Nada ha salido como esperábamos, llevo solo aquí durante 5 años, he rescatado la máquina de clones del proyecto Jl12, aquella que tuvimos que abandonar por bajo rendimiento y difícil operativa, ¿Quién diablos quiere clonarse si mueres en el proceso? He decidido hacer un último esfuerzo para remediar todo el daño que he hecho. Voy a clonar mi ser el mayor número posible que el sistema aguante con un individuo cero. He diseñado un sistema que pone en hibernación los clones tras añadirles una parte del cuerpo infectada, la única manera que tengo ahora mismo de sintetizar algo parecido a una cura es que el receptor aguante y tenga una simbiosis natural con el compuesto. En este ciclo continuo espero que algún sujeto active el Sintentizador de Compuestos Orgánicos Automático (SCOA) con una muestra valida y que algún otro mantenga el flujo continuo de especímenes de prueba con la maquina Jl12. Se que es como una partida de algún juego de azar, ¿pero acaso la vida misma no se originó por pura serendipia?, quizá ahora los dados vuelvan a ayudarnos. Una vez sintetizada la cura, todo el sistema quedará inhabilitado y se anunciará por radio que vengan a buscarla. Espero que aun queden humanos para escuchar el mensaje.
<br><br>Firmado, Dr. Ryan Gels.

<br><br>Cuando terminas de leer, la cuenta atrás también está llegando a su fin. Procedes a realizar el sistemático ritual del vapor rojo y desciendes hasta lo que parece ser la última planta de esta pesadilla 
','Piso 2 Habitación 3','habitacion3.png',false,0),
	 (57,'Abres los archivos seleccionados:
<br><br>Nota 1 * : Finalmente y tras mucho trabajo hemos sido autorizados para iniciar los experimentos del patógeno con seres humanos. El doctor Ryan me ha invitado hoy a desayunar para celebrarlo . Las primeras pruebas se realizarán cuando tengamos una muestra apropiada a nuestra disposición. Por fin podremos mejorar a la humanidad de una forma total y para siempre, esto es un gran paso para todos los seres humanos. El proyecto Genesis ha comenzado de manera oficial. 
<br><br>Nota 6* : Hoy se nos ha proporcionado por fin los nuevos sujetos de prueba. Han sido conducidos por el circuito de sanitización. Los tendremos disponibles en aproximadamente 4 días. Nadie nos dice de donde traen los individuos , pero parecen totalmente dispuestos a colaborar y se muestran muy amistosos, al menos durante los primeros momentos. Vienen muy bien vestidos 
<br><br>Nota 19 : Hoy es el gran día. El Doctor Ryan ha traído los resultados de las pruebas en niños menores de 5 años , ninguno ha sufrido daños, han resistido bien todas las fases y como esperábamos, son invulnerables ante cualquier patógeno externo . El problema del compuesto CJH para acelerar el proceso es que también altera de forma violenta algunos genes, por lo tanto, los sujetos acelerados no podrían reproducirse. Es cierto que si el proyecto Genesis tiene éxito, apenas necesitaremos nuevos humanos para reponer los que ya tenemos, pero siempre pueden fallecer por accidentes. Tras la reunión del comité y de los principales gobiernos, se opta por iniciar el proyecto Gran Evolución. Todos los niños nacidos en un rango de 1 año serán inoculados con el compuesto, la naturaleza hará el resto con el tiempo con los menos favorables. Hemos cambiado el mundo. 

<br><br>Cuando terminas de leer, la cuenta atrás también está llegando a su fin. Procedes a realizar el sistemático ritual del vapor rojo y desciendes hasta lo que parece ser la última planta de esta pesadilla 
','Piso 2 Habitación 3','habitacion3.png',false,0),
	 (58,'Abres los archivos seleccionados:
<br><br>Nota 2 * : El primer experimento se ha realizado hoy.  El sujeto, una mujer joven , ha sido inoculada con la primera muestra y tendrá que pasar por revisión durante los próximos 17 años al menos una vez cada mes. Sabemos que el proceso es largo, pero sin duda alguna merecerá la pena. El Doctor Ryan sigue intentando implementar avances orientados en acelerar el proceso, pero de momento no dan resultados concluyentes.
<br><br>Nota 15 :
<br><br>Registro de mutaciones 3 :
<br>Sujeto 5: Niña, 5 años. El Doctor Ryan ha insistido en incorporar sujetos de temprana edad en los experimentos. Necesitamos comprobar si la asimilación del reactivo se produce de una manera menos agresiva en estos sujetos. Tras la inyección , no se observa ningún signo de rechazo por parte del sujeto , incluso más allá de la barrera de los 17 minutos. Al día siguiente , el niño parece estar en perfecto estado. ¡Es posible que esto fuese lo que buscábamos! . Se solicitan pruebas con niños en franja de edad menor a cinco años.
<br>Sujeto 6 : Anciano de 92 años en estado vegetal. No debemos descartar sin realizar las pruebas pertinentes la posibilidad de que el compuesto reaccione de distinta forma en una franja de edad tan elevada. El Doctor Ryan ha insistido esta vez en administrarle las dosis de manera gradual. El cuerpo del sujeto ha experimentado síntomas desde las primeras dosis, pero esto no tendría por qué ser necesariamente negativo. La piel ha comenzado a abrirse por múltiples partes de su cuerpo y de estos orificios ha comenzado a salir una especie de vapor. El sujeto sigue vivo y en estado vegetal, la muestra es guardada para futuros análisis.
<br><br>Nota 16 *:
<br>Registro de mutaciones 4 :
<br>Sujeto 7: Varón de mediana edad. Pasado el minuto 16 sus ojos se bañan en sangre . Las cuencas oculares empiezan a expandirse y los ojos caen al suelo como canicas . De estos grandes orificios empieza a emanar un líquido amarillento, el suelo bajo el sujeto comienza a deshacerse debido al contacto con el liquido. El sujeto cae hacia el piso inferior. Se envía un equipo especial para eliminar al espécimen.
<br>Sujeto 8:  Mujer de corta edad. Este sujeto se encuentra en una fase terminal de cáncer. Es traído aquí bajo el pretexto de una cura milagrosa. Tras inyectarle el compuesto y pasados los 16 minutos, comenzamos a ver como su cuerpo se hincha y empieza a rajarse. Esta es la mutación más rara hasta la fecha, sus órganos internos están devorando a la muchacha y parecen haber adquirido autonomía. De su interior empiezan a salir criaturas con las formas de sus órganos, el corazón, el hígado, los pulmones. Finalmente, su cerebro también eclosiona del interior del cráneo . Todos los órganos parecen empezar a luchar entre si, algunos tienen algo parecido a dientes, otros tentáculos, otros exhalan un vapor corrosivo. A decir verdad, es un festival digno de contemplar, lástima que no tenga aquí mi cámara. Es broma, jamás podrían autorizarme a grabar algo aquí dentro.. 
<br><br>Se solicita un equipo especial para la aniquilación por calor de las nuevas criaturas. 

<br><br>Cuando terminas de leer, la cuenta atrás también está llegando a su fin. Procedes a realizar el sistemático ritual del vapor rojo y desciendes hasta lo que parece ser la última planta de esta pesadilla 
','Piso 2 Habitación 3','habitacion3.png',false,0),
	 (59,'Abres el archivo seleccionado:
Nada ha salido como esperábamos, llevo solo aquí durante 5 años, he rescatado la máquina de clones del proyecto Jl12, aquella que tuvimos que abandonar por bajo rendimiento y difícil operativa, ¿Quién diablos quiere clonarse si mueres en el proceso? He decidido hacer un último esfuerzo para remediar todo el daño que he hecho. Voy a clonar mi ser el mayor número posible que el sistema aguante con un individuo cero. He diseñado un sistema que pone en hibernación los clones tras añadirles una parte del cuerpo infectada, la única manera que tengo ahora mismo de sintetizar algo parecido a una cura es que el receptor aguante y tenga una simbiosis natural con el compuesto. En este ciclo continuo espero que algún sujeto active el Sintentizador de Compuestos Orgánicos Automático (SCOA) con una muestra valida y que algún otro mantenga el flujo continuo de especímenes de prueba con la maquina Jl12. Se que es como una partida de algún juego de azar, ¿pero acaso la vida misma no se originó por pura serendipia?, quizá ahora los dados vuelvan a ayudarnos. Una vez sintetizada la cura, todo el sistema quedará inhabilitado y se anunciará por radio que vengan a buscarla. Espero que aun queden humanos para escuchar el mensaje.
<br><br>Firmado, Dr. Ryan Gels.

<br><br>Cuando terminas de leer, la cuenta atrás también está llegando a su fin. Procedes a realizar el sistemático ritual del vapor rojo y desciendes hasta lo que parece ser la última planta de esta pesadilla 
','Piso 2 Habitación 3','habitacion3.png',false,0),
	 (60,'Abres los archivos seleccionados:
<br><br>Nota 1 * : Finalmente y tras mucho trabajo hemos sido autorizados para iniciar los experimentos del patógeno con seres humanos. El doctor Ryan me ha invitado hoy a desayunar para celebrarlo . Las primeras pruebas se realizarán cuando tengamos una muestra apropiada a nuestra disposición. Por fin podremos mejorar a la humanidad de una forma total y para siempre, esto es un gran paso para todos los seres humanos. El proyecto Genesis ha comenzado de manera oficial. 
<br><br>Nota 6* : Hoy se nos ha proporcionado por fin los nuevos sujetos de prueba. Han sido conducidos por el circuito de sanitización. Los tendremos disponibles en aproximadamente 4 días. Nadie nos dice de donde traen los individuos , pero parecen totalmente dispuestos a colaborar y se muestran muy amistosos, al menos durante los primeros momentos. Vienen muy bien vestidos 
<br><br>Nota 19 : Hoy es el gran día. El Doctor Ryan ha traído los resultados de las pruebas en niños menores de 5 años , ninguno ha sufrido daños, han resistido bien todas las fases y como esperábamos, son invulnerables ante cualquier patógeno externo . El problema del compuesto CJH para acelerar el proceso es que también altera de forma violenta algunos genes, por lo tanto, los sujetos acelerados no podrían reproducirse. Es cierto que si el proyecto Genesis tiene éxito, apenas necesitaremos nuevos humanos para reponer los que ya tenemos, pero siempre pueden fallecer por accidentes. Tras la reunión del comité y de los principales gobiernos, se opta por iniciar el proyecto Gran Evolución. Todos los niños nacidos en un rango de 1 año serán inoculados con el compuesto, la naturaleza hará el resto con el tiempo con los menos favorables. Hemos cambiado el mundo. 

<br><br>Cuando terminas de leer, la cuenta atrás también está llegando a su fin. Procedes a realizar el sistemático ritual del vapor rojo y desciendes hasta lo que parece ser la última planta de esta pesadilla 
','Piso 2 Habitación 3','habitacion3.png',false,0),
	 (61,'Abres los archivos seleccionados:
<br><br>Nota 2 * : El primer experimento se ha realizado hoy.  El sujeto, una mujer joven , ha sido inoculada con la primera muestra y tendrá que pasar por revisión durante los próximos 17 años al menos una vez cada mes. Sabemos que el proceso es largo, pero sin duda alguna merecerá la pena. El Doctor Ryan sigue intentando implementar avances orientados en acelerar el proceso, pero de momento no dan resultados concluyentes.
<br><br>Nota 15 :
<br><br>Registro de mutaciones 3 :
<br>Sujeto 5: Niña, 5 años. El Doctor Ryan ha insistido en incorporar sujetos de temprana edad en los experimentos. Necesitamos comprobar si la asimilación del reactivo se produce de una manera menos agresiva en estos sujetos. Tras la inyección , no se observa ningún signo de rechazo por parte del sujeto , incluso más allá de la barrera de los 17 minutos. Al día siguiente , el niño parece estar en perfecto estado. ¡Es posible que esto fuese lo que buscábamos! . Se solicitan pruebas con niños en franja de edad menor a cinco años.
<br>Sujeto 6 : Anciano de 92 años en estado vegetal. No debemos descartar sin realizar las pruebas pertinentes la posibilidad de que el compuesto reaccione de distinta forma en una franja de edad tan elevada. El Doctor Ryan ha insistido esta vez en administrarle las dosis de manera gradual. El cuerpo del sujeto ha experimentado síntomas desde las primeras dosis, pero esto no tendría por qué ser necesariamente negativo. La piel ha comenzado a abrirse por múltiples partes de su cuerpo y de estos orificios ha comenzado a salir una especie de vapor. El sujeto sigue vivo y en estado vegetal, la muestra es guardada para futuros análisis.
<br><br>Nota 16 *:
<br>Registro de mutaciones 4 :
<br>Sujeto 7: Varón de mediana edad. Pasado el minuto 16 sus ojos se bañan en sangre . Las cuencas oculares empiezan a expandirse y los ojos caen al suelo como canicas . De estos grandes orificios empieza a emanar un líquido amarillento, el suelo bajo el sujeto comienza a deshacerse debido al contacto con el liquido. El sujeto cae hacia el piso inferior. Se envía un equipo especial para eliminar al espécimen.
<br>Sujeto 8:  Mujer de corta edad. Este sujeto se encuentra en una fase terminal de cáncer. Es traído aquí bajo el pretexto de una cura milagrosa. Tras inyectarle el compuesto y pasados los 16 minutos, comenzamos a ver como su cuerpo se hincha y empieza a rajarse. Esta es la mutación más rara hasta la fecha, sus órganos internos están devorando a la muchacha y parecen haber adquirido autonomía. De su interior empiezan a salir criaturas con las formas de sus órganos, el corazón, el hígado, los pulmones. Finalmente, su cerebro también eclosiona del interior del cráneo . Todos los órganos parecen empezar a luchar entre si, algunos tienen algo parecido a dientes, otros tentáculos, otros exhalan un vapor corrosivo. A decir verdad, es un festival digno de contemplar, lástima que no tenga aquí mi cámara. Es broma, jamás podrían autorizarme a grabar algo aquí dentro.. 
<br><br>Se solicita un equipo especial para la aniquilación por calor de las nuevas criaturas. 

<br><br>Cuando terminas de leer, la cuenta atrás también está llegando a su fin. Procedes a realizar el sistemático ritual del vapor rojo y desciendes hasta lo que parece ser la última planta de esta pesadilla 
','Piso 2 Habitación 3','habitacion3.png',false,0),
	 (62,'<br>Desciendes hasta lo que parece el hall de alguna gran multinacional, puedes distinguir la recepción , la sala de espera y las siglas de la empresa por todos los lados. No hay nadie esperándote, empiezas a examinar la sala con la mayor atención posible. 
<br><br>Descubres la salida al fondo e intentas abrirla, es inútil , parece tener algún cierre de seguridad que te es imposible abrir. Descubres en una especie de plataforma que no perteneció a la indumentaria de la sala en primera instancia, encima de ella , se encuentra una máquina. El cartel indica que es la maquina SCOA. Miras la maquina con detenimiento, un hueco con forma de brazo se haya en uno de sus extremos, parece tener la forma exacta para que un brazo sea introducido ahí. Esparcidos por el suelo, encuentras varios brazos despojados de sus cuerpos, uno de ellos es muy reciente. Una cuenta atrás empieza a sonar en la sala mientras que una voz anuncia: 
<br><br>“SUJETO 524 , POR FAVOR, INTRODUZCA EL BRAZO EN LA MAQUINA SCOA”
<br>Un grito humano interrumpe tus pensamientos, te giras para determinar de donde proviene y alcanzas a ver una persona acostada de lado en el extremo de la sala.
<br>Te acercas a el.
<br>Le das la vuelta para socorrerle y descubres con espanto que es exactamente igual al reflejo que has visto en alguno de los monitores apagados, esa persona eres tu. Intentas sonsacarle información que te pueda ser útil pero está desangrándose pues le falta una de sus extremidades, concretamente el brazo derecho. 
<br>Solo profiere un último consejo antes de dejar de existir :
<br><br>“Hazlo, hazlooo, no tenemos mucho tiempo , hazloo”
<br><br>La voz robótica anuncia los últimos compases de la cuenta atrás, debes decidir rápidamente.
','Vestíbulo','vestibulo.png',false,9),
	 (63,'<br>Desciendes hasta lo que parece el hall de alguna gran multinacional, puedes distinguir la recepción , la sala de espera y las siglas de la empresa por todos los lados. No hay nadie esperándote, empiezas a examinar la sala con la mayor atención posible. 
<br><br>Descubres la salida al fondo e intentas abrirla, es inútil , parece tener algún cierre de seguridad que te es imposible abrir. Descubres en una especie de plataforma que no perteneció a la indumentaria de la sala en primera instancia, encima de ella , se encuentra una máquina. El cartel indica que es la maquina SCOA. Miras la maquina con detenimiento, un hueco con forma de brazo se haya en uno de sus extremos, parece tener la forma exacta para que un brazo sea introducido ahí. Esparcidos por el suelo, encuentras varios brazos despojados de sus cuerpos, uno de ellos es muy reciente. Una cuenta atrás empieza a sonar en la sala mientras que una voz anuncia: 
<br><br>“SUJETO 524 , POR FAVOR, INTRODUZCA EL BRAZO EN LA MAQUINA SCOA”
<br>Un grito humano interrumpe tus pensamientos, te giras para determinar de donde proviene y alcanzas a ver una persona acostada de lado en el extremo de la sala.
<br>Te acercas a el.
<br>Le das la vuelta para socorrerle y descubres con espanto que es exactamente igual al reflejo que has visto en alguno de los monitores apagados, esa persona eres tu. Intentas sonsacarle información que te pueda ser útil pero está desangrándose pues le falta una de sus extremidades, concretamente el brazo derecho. 
<br>Solo profiere un último consejo antes de dejar de existir :
<br><br>“Hazlo, hazlooo, no tenemos mucho tiempo , hazloo”
<br><br>La voz robótica anuncia los últimos compases de la cuenta atrás, debes decidir rápidamente.
','Vestibulo','vestibulo.png',false,9),
	 (64,'<br>Desciendes hasta lo que parece el hall de alguna gran multinacional, puedes distinguir la recepción , la sala de espera y las siglas de la empresa por todos los lados. No hay nadie esperándote, empiezas a examinar la sala con la mayor atención posible. 
<br><br>Descubres la salida al fondo e intentas abrirla, es inútil , parece tener algún cierre de seguridad que te es imposible abrir. Descubres en una especie de plataforma que no perteneció a la indumentaria de la sala en primera instancia, encima de ella , se encuentra una máquina. El cartel indica que es la maquina SCOA. Miras la maquina con detenimiento, un hueco con forma de brazo se haya en uno de sus extremos, parece tener la forma exacta para que un brazo sea introducido ahí. Esparcidos por el suelo, encuentras varios brazos despojados de sus cuerpos, uno de ellos es muy reciente. Una cuenta atrás empieza a sonar en la sala mientras que una voz anuncia: 
<br><br>“SUJETO 524 , POR FAVOR, INTRODUZCA EL BRAZO EN LA MAQUINA SCOA”
<br>Un grito humano interrumpe tus pensamientos, te giras para determinar de donde proviene y alcanzas a ver una persona acostada de lado en el extremo de la sala.
<br>Te acercas a el.
<br>Le das la vuelta para socorrerle y descubres con espanto que es exactamente igual al reflejo que has visto en alguno de los monitores apagados, esa persona eres tu. Intentas sonsacarle información que te pueda ser útil pero está desangrándose pues le falta una de sus extremidades, concretamente el brazo derecho. 
<br>Solo profiere un último consejo antes de dejar de existir :
<br><br>“Hazlo, hazlooo, no tenemos mucho tiempo , hazloo”
<br><br>La voz robótica anuncia los últimos compases de la cuenta atrás, debes decidir rápidamente.
','Vestibulo','vestibulo.png',false,9),
	 (8,'Totalmente inmóvil, comienzas a analizar los movimientos de la criatura. Parece estar sondeando el aire con sus tentáculos en busca de cualquier sonido o movimiento. Lanzas uno de los objetos que tienes delante hacia el otro extremo de la habitación. Como si de un acto reflejo se tratase, ambos tentáculos apuntan hacia el lugar donde has estrellado el objeto y la criatura se dirige hacia allí, volviendo a sondear el espacio cuando llega. Vuelves a lanzar un objeto esta vez mucho más pesado hacia el armario cerrado con el cartel Proyect-Z. Los tentáculos atraviesan el armario como si fuesen dos jabalinas, haciéndolo pedazos. Puedes apreciar desde la distancia que en su interior había un hacha de grandes dimensiones, que ahora se encuentra en el suelo junto a los restos del armario. 
<br>Una voz robótica que sale de los altavoces del techo se pronuncia : 
<br><br>“Cuenta atrás iniciada, tiempo restante para el sellado automático, 5 minutos. “
<br><br>Sigues utilizando esta artimaña para distraer a la criatura y poco a poco avanzas hasta conseguir el hacha del suelo. 
Con el hacha en tu poder, la voz robótica vuelve a pronunciarse : 
<br><br>“Dos minutos y treinta segundos, esterilizando”
<br><br>Un vapor azul comienza a emanar de las paredes, y sientes como tu cuerpo se siente poco a poco más cansado por su efecto. podrías aventurar por la reacción de la criatura que tampoco es  de su agrado.
<br>Te diriges hacia la puerta del fondo tras distraer de nuevo a la criatura y cruzas la puerta, esta se cierra inmediatamente tras de ti, dejando encerrada a la criatura. 
<br>La nueva sala tan solo contiene una puerta con un letrero enorme encima suya representando unas escaleras. Las paredes son mullidas y blancas, no hay ningún objeto en ella, el suelo parece una especie de colchoneta. Te aproximas a la puerta del fondo y a medida que lo haces un vapor de color rojo intenso inunda la sala. Comienzas a entrar en pánico, piensas que es tu fin, no tienes salida, la puerta que tienes enfrente está cerrada herméticamente y de igual manera la que acabas de cruzar.
<br>No obstante, rápidamente te das cuenta de que este vapor es como un soplo de aire fresco para ti, empiezas a sentirte mucho mejor, más calmado y con más energía que hace apenas unos segundos. Permaneces en el vapor todo lo que puedes. Sin duda alguna parece que no tiene ningún efecto negativo sobre ti, sino todo lo contrario. Pasados unos minutos , el vapor cesa y la puerta que conduce a las escaleras se abre conduciéndote al piso inferior. 
','Piso 4 Habitación 3','habitacion3.png',false,0),
	 (44,'Abres los archivos elegidos :
<br>Nota 5 * : El Doctor Ryan ha venido muy contento a mi despacho hoy, ha conseguido acelerar de manera significativa el proceso, según los datos que me ha mostrado. Para celebrarlo, me ha invitado a desayunar. Los nuevos experimentos comenzarán en cuanto se determine que sujetos son candidatos para estas pruebas. 
<br><br>Nota 14 *:
Registro de mutaciones 2
<br><br>Sujeto 3: Varón, anciano. En el minuto 16 su mandíbula empieza a crecer. Se decide aislarle en una cámara blindada para observar su comportamiento tras despertarse. Cuando se despierta, el individuo intenta incorporarse de la camilla, el peso de su cabeza produce una rotura de su columna vertebral, quedando pues el sujeto inservible para posteriores pruebas. 
<br><br>Sujeto 4: No parece haber sufrido ninguna mutación a simple vista, pero su pulso vital desciende a 5 por hora, pareciendo prácticamente muerto. Se procede a aislarle en una cámara blindada. Al despertar, no se observa ningún signo especialmente dañino en el individuo. No responde a ninguna pregunta ni reacciona ante ningún estimulo, pero parece observar la estancia con detenimiento. Un miembro del equipo se aproxima para introducir algo de alimento por la ventanilla, al verle, su lengua atraviesa la propia boca del sujeto, la puerta y la cabeza de nuestro compañero. El equipo de seguridad procede a la neutralización del sujeto. 
<br><br>Nota 20 : Se inicia el proceso de la Gran Evolución.  Todos los gobiernos sin excepción han dado el visto bueno a la iniciativa. Tras estos años de pruebas, se ha comprobado que el ser humano resultante se convierte en un organismo prácticamente invulnerable a cualquier patógeno conocido, estimamos además, que su esperanza de vida se multiplique exponencialmente. No necesitaremos para nada mas a la Naturaleza, la hemos vencido, ahora somos dueños de nuestro propio destino. 
<br>El Doctor Ryan me ha invitado a desayunar para celebrarlo, creo que esta vez se podía haber estirado un poco más. 

<br><br>Antes de que la cuenta atrás llegue a 0 , la pantalla se apaga. Al lado de cada documento que leías aparecía en pequeño la foto de un señor denominado Dr. Ryan. Tu sorpresa es mayúscula cuando al apagarse la pantalla, puedes ver reflejado exactamente el mismo rostro que el de las fotos. ¿Eres tú el Dr. Ryan? 
<br>La siguiente sala es una copia idéntica a la anterior salvo por un detalle, una mesa , un ordenador y un aparato grande en el que perfectamente cabe una persona, denominado por el cartel que observas en la parte superior Maquina Jl12... La cuenta atrás ha vuelto a empezar
','Piso 2 Habitación 2','habitacion2.png',false,0),
	 (43,'Abres los archivos elegidos :
<br>Nota *9: El doctor Ryan y yo hemos conseguido mejorar el activo añadiendo muestras de compuestos que habían desarrollado los antiguos participantes del ensayo tras sus mutaciones. Creemos que la organización no debería saber nada de esto por el momento, las muestras son pequeñas y si empiezan a sobrevivir de ahora en adelante podría atribuirse a una simple coincidencia.
<br><br>Nota 10 *: Aproximadamente uno de cada cinco individuos sobrevive ahora a los efectos acelerados del virus, pero no vuelve a ser un humano como lo conocíamos. Se vuelven como animales extremadamente violentos y desarrollan en la mayoría de los casos algún tipo de mutación como defensa, el doctor Ryan se pregunta si este tipo de mutaciones podrían controlarse en el futuro y aplicarse a voluntad. 
<br><br>Nota 11*: Los especímenes mutados son exactamente como queríamos, son prácticamente inmortales, ningún patógeno conocido parece afectarles , ninguno sufre enfermedades y parecen estar perfectamente sanos durante todo el tiempo que los mantenemos con vida. Son muy resistentes al calor y al frio y pueden pasar grandes temporadas sin consumir ningún tipo de alimento. De igual manera son extremadamente resistentes a las amenazas externas, desde el fuego e impactos de bala hasta grandes presiones como caídas o aplastamientos. Es precisamente lo que necesitamos para la humanidad. 
<br><br>Nota 17 * : El Doctor Ryan ha sido padre. Esta tan seguro de la eficacia de su compuesto que ha decidido inocular en su propio hijo el compuesto, permitiendo así además que el consejo de luz verde  a una prueba general en sujetos recién nacidos. Hoy ha vuelto a invitarme a desayunar.

<br><br>Antes de que la cuenta atrás llegue a 0 , la pantalla se apaga. Al lado de cada documento que leías aparecía en pequeño la foto de un señor denominado Dr. Ryan. Tu sorpresa es mayúscula cuando al apagarse la pantalla, puedes ver reflejado exactamente el mismo rostro que el de las fotos. ¿Eres tú el Dr. Ryan? 
<br>La siguiente sala es una copia idéntica a la anterior salvo por un detalle, una mesa , un ordenador y un aparato grande en el que perfectamente cabe una persona, denominado por el cartel que observas en la parte superior Maquina Jl12... La cuenta atrás ha vuelto a empezar
','Piso 2 Habitación 2','habitacion2.png',false,0),
	 (53,'Abres el archivo seleccionado:
Nada ha salido como esperábamos, llevo solo aquí durante 5 años, he rescatado la máquina de clones del proyecto Jl12, aquella que tuvimos que abandonar por bajo rendimiento y difícil operativa, ¿Quién diablos quiere clonarse si mueres en el proceso? He decidido hacer un último esfuerzo para remediar todo el daño que he hecho. Voy a clonar mi ser el mayor número posible que el sistema aguante con un individuo cero. He diseñado un sistema que pone en hibernación los clones tras añadirles una parte del cuerpo infectada, la única manera que tengo ahora mismo de sintetizar algo parecido a una cura es que el receptor aguante y tenga una simbiosis natural con el compuesto. En este ciclo continuo espero que algún sujeto active el Sintentizador de Compuestos Orgánicos Automático (SCOA) con una muestra valida y que algún otro mantenga el flujo continuo de especímenes de prueba con la maquina Jl12. Se que es como una partida de algún juego de azar, ¿pero acaso la vida misma no se originó por pura serendipia?, quizá ahora los dados vuelvan a ayudarnos. Una vez sintetizada la cura, todo el sistema quedará inhabilitado y se anunciará por radio que vengan a buscarla. Espero que aun queden humanos para escuchar el mensaje.
<br><br>Firmado, Dr. Ryan Gels.

<br><br>Cuando terminas de leer, la cuenta atrás también está llegando a su fin. Procedes a realizar el sistemático ritual del vapor rojo y desciendes hasta lo que parece ser la última planta de esta pesadilla 
','Piso 2 Habitación 3','habitacion3.png',false,0);

INSERT INTO pzz.rest_info (id_rest_info,message,energy_difference,life_difference) VALUES
	 (1,'A pesar de las circunstancias en las que te encuentras, consigues reponer fuerzas para continuar.',5,5),
	 (2,'Los pensamientos que recorren tu cabeza te impiden descansar durante un solo instante',-3,-2),
	 (3,'Sangre, horror, flashes de otras vidas. Es lo único que pasa por tu cabeza',-4,-4),
	 (4,'Cuando cierras los ojos una voz te susurra, no tienes alma. ¿Maldita sea?',-5,-5),
	 (5,'Unos ruidos de criaturas aterradoras interrumpen tu descanso y te sobresaltan enormemente',-6,-6),
	 (6,'No tienes ninguna posibilidad de conciliar el sueño aquí',-8,-10),
	 (7,'Ningún lugar te parece apropiado para descansar en esta sala, sin embargo has perdido un tiempo valioso buscándolo.',-10,-10),
	 (8,'Consigues descansar, pero por alguna razón te despiertas peor que cuando comenzaste a dormir.',-10,-10),
	 (10,'En la situación actual, solo el hecho de pensar en descansar te cansa y te agota mas. Descansar aquí seria fatal',-15,-20),
	 (9,'Intentas descansar pero multitud de pesadillas se clavan en tu mente impidiendo cualquier tipo de recuperación',-12,-12);

	 
	 INSERT INTO pzz."options" (id_options,id_stage,text_option,lifedrain,energydrain,instadeath,to_stage) VALUES
	 (36,19,'Descender al piso inferior.',10,25,false,20),
	 (42,22,'Descender al piso inferior. ',10,25,false,25),
	 (59,89,'Intentar romper con el hacha el armario del cartel Project-Z. ',-10,-25,false,35),
	 (44,10,'Examinar el escritorio. ',-10,-20,false,27),
	 (1,1,'Pulsar el botón azul.',-10,-20,false,3),
	 (45,26,'Huir rápidamente hasta la siguiente sala ',-30,-50,false,28),
	 (7,4,'Descender al piso inferior.',10,25,false,10),
	 (8,5,'Descender al piso inferior. ',10,25,false,10),
	 (50,28,'Pulsar el boton rojo.  ',-10,-15,true,1),
	 (19,12,'Examinar la camilla usando tu brazo postizo. ',-10,-20,false,13),
	 (15,7,'Descender al piso inferior.  ',10,25,false,11),
	 (16,8,'Descender al piso inferior.  ',10,25,false,11),
	 (17,6,'Descender al piso inferior. ',10,25,false,11),
	 (18,9,'Descender al piso inferior. ',10,25,false,12),
	 (12,3,'Corres hacia la siguiente habitacion lo mas rápido que puedes, intentando dejar atrás a la criatura.',-35,-35,false,7),
	 (47,27,'Pulsar el boton azul.  ',-10,-20,false,29),
	 (6,2,'Rebuscar en los archivos. ',-25,-40,false,5),
	 (22,13,'Seguir este nuevo instinto y devorar los restos. ',-30,-30,false,15),
	 (49,28,'Pulsar el botón azul  ',-10,-20,false,29),
	 (52,29,'Quitarte de tu cabeza la idea de comerte a los monstruos y continuar a la siguiente sala.',-20,-20,false,20),
	 (24,14,'Examinar el armario en el lado opuesto a la puerta del cartel.',-10,-20,false,17),
	 (60,89,'Indagar en el armario de documentos. ',-10,-20,false,36),
	 (57,32,'Atacar la lengua. ',-20,-40,false,33),
	 (63,33,'Intentar romper con el hacha el armario del cartel Project-Z. ',-10,-25,false,35),
	 (5,2,'Intentar encontrar la llave del armario Project-Z y rebuscar en él. ',-45,-55,false,6),
	 (51,29,'Seguir tu instinto y devorar las criaturas antes de continuar.  ',-30,-30,false,30),
	 (46,26,'Intentar hacerle frente ahí mismo. ',-10,-15,true,1),
	 (25,14,'Examinar el armario con el cartel Project-Z.  ',-10,-20,false,21),
	 (26,14,'Intentar conectar algún ordenador para obtener más información. ',-10,-20,false,18),
	 (27,14,'Abandonar la habitación a toda prisa.  ',-10,-20,false,19),
	 (28,16,'Examinar el armario en el lado opuesto a la puerta del cartel.',-10,-20,false,17),
	 (29,16,'Examinar el armario con el cartel Project-Z.  ',-10,-20,false,21),
	 (30,16,'Intentar conectar algún ordenador para obtener más información. ',-10,-20,false,18),
	 (31,16,'Abandonar la habitación a toda prisa.  ',-10,-20,false,19),
	 (32,17,'Avanzar a la siguiente sala. ',-10,-20,false,19),
	 (33,15,'Avanzar a la siguiente sala. ',-10,-20,false,22),
	 (34,18,'Seguir indagando , quizá haya algo más de información útil. ',-10,-20,true,1),
	 (38,21,'Avanzar a la siguiente sala. ',-10,-20,false,19),
	 (14,3,'Volver a la sala anterior e intentar esconderte.',-10,-20,true,1),
	 (4,2,'Ignoras por completo los armarios y pasas a la siguiente sala a toda velocidad. ',-10,-25,false,4),
	 (41,24,'Avanzar a la siguiente sala. ',-10,-20,false,22),
	 (2,1,'Introducir 524 en la consola.',-10,-20,false,2),
	 (9,3,'Intentar hablar con el, es posible que entienda la voz humana y sea finalmente amistoso.',-10,-15,true,1),
	 (3,1,'Introducir 1879 en la consola.',-10,-20,true,1),
	 (48,27,'Pulsar el boton rojo.  ',-10,-15,true,1),
	 (55,31,'Cortar la extremidad que se aferra a la puerta con tu hacha. ',-10,-35,false,89),
	 (52,30,'Continuar a la siguiente sala. ',-10,-15,false,25),
	 (53,11,'Examinar el escritorio. ',-10,-20,false,31),
	 (56,31,'Huir rápidamente a la siguiente sala. ',-10,-15,true,1),
	 (62,89,'Abandonar la habitación a toda prisa.  ',-10,-15,false,39),
	 (54,11,'Examinar la camilla.  ',-10,-20,false,32),
	 (58,32,'Atacar directamente a la cabeza.  ',-10,-20,false,34),
	 (40,23,'Intentar abrir el armario con el cartel Project-Z.',-10,-30,false,88),
	 (61,89,'Intentar conectar algún ordenador para obtener más información. ',-10,-20,false,38),
	 (64,33,'Indagar en el armario de documentos. ',-10,-20,false,36),
	 (23,13,'Caminar hasta la nueva habitación. ',-15,-20,false,16),
	 (20,12,'Examinar el escritorio. ',-10,-20,false,14),
	 (65,33,'Intentar conectar algún ordenador para obtener más información. ',-10,-20,false,38),
	 (43,10,'Examinar la camilla. ',-10,-15,false,26),
	 (39,23,'Examinar el armario en el lado opuesto a la puerta del cartel Project-Z.',-10,-20,false,24),
	 (37,88,'Avanzar a la siguiente sala. ',-15,-10,false,22),
	 (13,3,'Analizas sus movimientos a distancia intentando encontrar algún punto débil mientras esquivas sus ataques. ',-10,-35,false,8),
	 (73,39,'Descender al piso inferior. ',10,25,false,40),
	 (78,20,'Instrucciones para el sujeto.(puede que ya hayas visto este contenido). ',-10,-20,false,42),
	 (35,18,' No te encuentras muy bien, salir a toda prisa. ',-20,-35,false,19),
	 (94,42,'Notas : número 1 , 6 y 19.  ',-10,-20,false,54),
	 (107,45,'Notas : número 2, 15 y 16.  ',-10,-20,false,58),
	 (109,46,'Ver la “Nota final de Dr. RYAN.”  ',-10,-20,false,56),
	 (110,46,'Notas : número 1 , 6 y 19.  ',-10,-20,false,57),
	 (111,46,'Notas : número 2, 15 y 16.  ',-10,-20,false,58),
	 (113,47,'Ver la “Nota final de Dr. RYAN.”  ',-10,-20,false,56),
	 (114,47,'Notas : número 1 , 6 y 19.  ',-10,-20,false,57),
	 (115,47,'Notas : número 2, 15 y 16.  ',-10,-20,false,58),
	 (117,48,'Ver la “Nota final de Dr. RYAN.”  ',-10,-20,false,56),
	 (118,48,'Notas : número 1 , 6 y 19. ',-10,-20,false,57),
	 (119,48,'Notas : número 2, 15 y 16.  ',-10,-20,false,58),
	 (66,33,'Abandonar la habitación a toda prisa.  ',-10,-15,false,39),
	 (91,41,'Notas : número 2, 15 y 16.  ',-10,-20,false,55),
	 (71,35,'Intentar un poco más reventar el ileso armario con tu hacha. ',-10,-15,true,1),
	 (68,34,'Indagar en el armario de documentos. ',-10,-20,false,36),
	 (69,34,'Intentar conectar algún ordenador para obtener más información. ',-10,-20,false,38),
	 (74,36,'Avanzar a la siguiente sala. ',-10,-20,false,39),
	 (75,38,'Seguir indagando , quizá haya algo mas de información útil. ',-10,-15,true,1),
	 (92,41,'Introducirse en la maquina Jl12. ',-10,-15,true,1),
	 (77,20,'Notas: número 8 y 21 y 18. ',-10,-20,false,41),
	 (96,42,'Introducirse en la maquina Jl12. ',-10,-15,true,1),
	 (79,20,'Notas : número 9 , 10 y 11  y 17.',-10,-20,false,43),
	 (80,20,'Notas : númeroo  5 y 14 y 20.',-10,-20,false,44),
	 (81,25,'Notas: número 8 y 21 y 18. ',-10,-20,false,45),
	 (82,25,'Instrucciones para el sujeto.(puede que ya hayas visto este contenido). ',-10,-20,false,46),
	 (83,25,'Notas : número 9 , 10 y 11  y 17.',-10,-20,false,47),
	 (84,25,'Notas : número  5 y 14 y 20.',-10,-20,false,48),
	 (85,40,'Notas: número 8 y 21 y 18. ',-10,-20,false,49),
	 (86,40,'Instrucciones para el sujeto.(puede que ya hayas visto este contenido). ',-10,-20,false,50),
	 (87,40,'Notas : número 9 , 10 y 11  y 17.',-10,-20,false,51),
	 (88,40,'Notas : número  5 y 14 y 20.',-10,-20,false,52),
	 (89,41,'Ver la “Nota final de Dr. RYAN”.  ',-10,-20,false,53),
	 (90,41,'Notas : número 1 , 6 y 19.  ',-10,-20,false,54),
	 (100,43,'Introducirse en la máquina Jl12. ',-10,-15,true,1),
	 (95,42,'Notas : número 2, 15 y 16.  ',-10,-20,false,55);
	 
	 
INSERT INTO pzz."options" (id_options,id_stage,text_option,lifedrain,energydrain,instadeath,to_stage) VALUES
	 (97,43,'Ver la “Nota final de Dr. RYAN.”  ',-10,-20,false,53),
	 (104,44,'Introducirse en la máquina Jl12. ',-10,-15,true,1),
	 (98,43,'Notas : número 1 , 6 y 19.  ',-10,-20,false,54),
	 (99,43,'Notas : número 2, 15 y 16.  ',-10,-20,false,55),
	 (101,44,'Ver la “Nota final de Dr. RYAN.”  ',-10,-20,false,53),
	 (108,45,'Introducirse en la máquina Jl12. ',-10,-15,true,1),
	 (102,44,'Notas : número 1 , 6 y 19.  ',-10,-20,false,54),
	 (103,44,'Notas : número 2, 15 y 16.  ',-10,-20,false,55),
	 (121,49,'Ver la “Nota final de Dr. RYAN.”  ',-10,-20,false,59),
	 (112,46,'Introducirse en la máquina Jl12. ',-10,-15,true,1),
	 (116,47,'Introducirse en la máquina Jl12. ',-10,-15,true,1),
	 (120,48,'Introducirse en la máquina Jl12. ',-10,-15,true,1),
	 (124,49,'Introducirse en la máquina Jl12. ',-10,-15,true,1),
	 (128,50,'Introducirse en la máquina Jl12. ',-10,-15,true,1),
	 (122,49,'Notas : número 1 , 6 y 19.  ',-10,-20,false,60),
	 (123,49,'Notas : número 2, 15 y 16.  ',-10,-20,false,61),
	 (125,50,'Ver la “Nota final de Dr. RYAN.”  ',-10,-20,false,59),
	 (126,50,'Notas : número 1 , 6 y 19.  ',-10,-20,false,60),
	 (127,50,'Notas : número 2, 15 y 16.  ',-10,-20,false,61),
	 (129,51,'Ver la “Nota final de Dr. RYAN.”  ',-10,-20,false,59),
	 (76,38,' No te encuentras muy bien, salir a toda prisa. ',-15,-20,false,39),
	 (130,51,'Notas : número 1 , 6 y 19.  ',-10,-20,false,60),
	 (105,45,'Ver la “Nota final de Dr. RYAN.”  ',-10,-20,false,56),
	 (106,45,'Notas : número 1 , 6 y 19.  ',-10,-20,false,57),
	 (93,42,'Ver la “Nota final de Dr. RYAN.”  ',-10,-20,false,53),
	 (70,34,'Abandonar la habitación a toda prisa.  ',-10,-15,false,39),
	 (72,35,'Salir de la habitación. ',-15,-10,false,39),
	 (67,34,'Intentar romper con el hacha el armario del cartel Project-Z. ',-10,-25,false,35),
	 (131,51,'Notas : número 2, 15 y 16.  ',-10,-20,false,61),
	 (133,52,'Ver la “Nota final de Dr. RYAN.”  ',-10,-20,false,59),
	 (11,3,'Te abalanzas sobre la criatura para entablar un combate cuerpo a cuerpo. ',-35,-55,false,9),
	 (134,52,'Notas : número 1 , 6 y 19.  ',-10,-20,false,60),
	 (135,52,'Notas : número 2, 15 y 16.  ',-10,-20,false,61),
	 (137,53,'Bajar al vestíbulo.',-10,-20,false,62),
	 (138,54,'Bajar al vestíbulo.',-10,-20,false,62),
	 (139,55,'Bajar al vestíbulo.',-10,-20,false,62),
	 (140,56,'Bajar al vestíbulo.',-10,-20,false,63),
	 (141,57,'Bajar al vestíbulo.',-10,-20,false,63),
	 (142,58,'Bajar al vestíbulo.',-10,-20,false,63),
	 (143,59,'Bajar al vestíbulo.',-10,-20,false,64),
	 (144,60,'Bajar al vestíbulo.',-10,-20,false,64),
	 (145,61,'Bajar al vestíbulo.',-10,-20,false,64),
	 (21,12,'Ya has tenido suficiente por hoy, te mereces una siesta en esa camilla. ',-10,-15,true,1),
	 (132,51,'Introducirse en la máquina Jl12. ',-10,-15,true,1),
	 (136,52,'Introducirse en la máquina Jl12. ',-10,-15,true,1),
	 (146,62,'Introducir el brazo cosido en la máquina SCOA. ',-10,-15,true,0),
	 (147,62,'Esperar acontecimientos.',-10,-15,true,0),
	 (148,62,'Intentar escapar rompiendo la puerta. ',-10,-15,true,0),
	 (149,63,'Introducir el brazo cosido en la máquina SCOA. ',-10,-15,true,0),
	 (150,63,'Indagar en la sala.',-10,-15,true,0),
	 (151,63,'Hacer añicos la puerta y alcanzar el mundo exterior. ',-10,-15,true,0),
	 (152,64,'Introducir el brazo cosido en la maquina SCOA. ',-10,-15,true,0),
	 (153,64,'Esperar acontecimientos.',-10,-15,true,0),
	 (154,64,'Intentar escapar rompiendo la puerta con el hacha.',-10,-15,true,0),
	 (155,64,'Destruir la máquina SCOA con el hacha.',-10,-15,true,0);

INSERT INTO pzz.instadeath (id_instadeath,message,id_options) VALUES
	 (1,'La puerta no se abre y el botón rojo que antes parpadeaba ahora se encuentra apagado. No hay nada que hacer, todo lo que había en la sala parece haber dejado de funcionar. Tus esfuerzos durante horas y días son inútiles y cada vez te encuentras más débil. Agonizas durante unos días hasta que finalmente te desmayas y mueres de sed.',3),
	 (2,'Comienzas a intentar hablar con aquel ser. “Por favor tranquilo, no quiero hacerte daño, ¿entiendes lo que te digo? Los tentáculos se fijan su dirección a la tuya y la criatura comienza a avanzar rápidamente hacia ti , apenas tienes tiempo de reacción, uno de los tentáculos atraviesa tu pecho mientras el otro te rodea por detrás. Lo último que ves es a a la criatura devorando tu cuerpo mientras tu cabeza despojada yace en el suelo . Tus ojos se apagan tras pocos segundos. ',9),
	 (3,'Vuelves a la sala anterior y te escondes bajo una mesa. Te quedas inmóvil, esperando que algún milagro desconocido venga en tu rescate. Durante horas, la criatura parece estar escudriñando cada rincón de la sala que tienes enfrente hasta que finalmente accede a tu propia habitación . Tu final es inevitable, no tienes salida y solo es cuestión de tiempo que la criatura acabe contigo. ',14),
	 (4,'Apartas de un manotazo lo que sea que hubiese debajo de las sábanas y te acuestas en la camilla. Apenas han pasado unos segundos cuando los brazaletes se cierran atrapándote en ella. El vapor azul comienza a emanar de las paredes, poco a poco tu consciencia se va diluyendo hasta que es un punto minúsculo.',21),
	 (5,'El vapor comienza a inundar toda la sala, pero aún falta tiempo para el sellado automático. No obstante , sus efectos no son como los que experimentaste con anterioridad. Sientes un dolor muy intenso en tu brazo postizo, no lo puedes soportar, caes al suelo e intentas arrastrarte hasta la salida. Cuando estas a punto de llegar, la cuenta atrás se detiene, te has quedado encerrado para siempre.',34),
	 (6,'Te preparas para hacer frente a la criatura. La criatura no parecía haber notado tu presencia, pero lo hace cuando intentas darle una patada en la cabeza. No tienes apenas tiempo de reacción , como si de un resorte se tratase la lengua que antes rodeaba su propio cuerpo se encuentra ahora rodeando el tuyo, haciendo una presión que ningún ser humano podría aguantar. Tus costillas empiezan a resquebrajarse como si fuesen trozos de madera seca y poco a poco notas que te falta el aire... ',46),
	 (7,'Al pulsar el botón rojo, la habitación comienza a llenarse con vapor del mismo color. Notas que estas recuperando parte de tu cansancio, pero el efecto que tiene en la criatura parece ser mucho más notorio. Está creciendo de tamaño y sin duda triplicando su fuerza. Un simple aguijonazo de su lengua acaba atravesándote en medio segundo, dejándote a merced de sus papilas.. ',48),
	 (8,'Intentas huir rápidamente para avanzar a la siguiente sala, pero cuando llegas te das cuenta de que la puerta está completamente sellada. La puerta no se abrirá mientras la anterior no esté cerrada. Cuando te percatas de esto, vuelves sobre tus pasos para intentar desatrancar la puerta que tenía sujeta la criatura, pero allí no hay criatura. Miras a tu alrededor intentando encontrar donde puede estar,  lo último que sientes es una lengua atravesando tu cabeza de arriba a abajo.',56),
	 (9,'Te empeñas , obstinado, en reventar a hachazos el armario de acero inoxidable mientras el vapor azul penetra en tus pulmones, dejándote cada vez más y más fatigado. No sabes exactamente cuando, pero pierdes la conciencia y quedas encerrado para siempre en esta sala. ',71),
	 (10,'El vapor comienza a inundar toda la sala, pero aún falta tiempo para el sellado automático. No obstante , sus efectos no son como los que experimentaste con anterioridad. Sientes un dolor muy intenso en tu brazo postizo, no lo puedes soportar, caes al suelo e intentas arrastrarte hasta la salida. Cuando estas a punto de llegar, la cuenta atrás se detiene, te has quedado encerrado para siempre.',75),
	 (11,'Las circunstancias han podido contigo y no tienes fuerzas para continuar. Lentamente, te aproximas a un rincon para pasar los ultimos segundos de vida que te quedan al menos con la espalda apoyada en la pared. ',0),
	 (11,'Mientras te introduces en la cámara Jl12, una voz te indica que mantengas la calma. La cámara se cierra y el tubo en el que te encuentras empieza a descender. Mientras desciendes, puedes ver como otro tubo similar al tuyo asciende en paralelo hasta una ubicación desconocida. Cuando te fijas con atención, puedes ver que la persona que lleva dentro es idéntica a ti. ¿Como es posible? 
El tubo sigue descendiendo y atraviesa una especie de cámara con multitud de tubos alojados en distintos huecos, exactamente iguales al que te transportan a ti. Dentro de cada tubo se encuentra otro tú. 
Empiezas a tener serias dudas de que introducirte en esta máquina haya sido una buena idea. Te intentas zafar de las sujeciones, pero todos tus esfuerzos son inútiles. Finalmente, el tubo se detiene y se coloca horizontalmente en una mesa de operaciones. 
“Procediendo al desmantelamiento del sujeto para nueva producción” anuncia la voz de la maquina.
Lo ultimo que sientes es una aguja en una de tus venas..
',92),
	 (12,'Mientras te introduces en la cámara Jl12, una voz te indica que mantengas la calma. La cámara se cierra y el tubo en el que te encuentras empieza a descender. Mientras desciendes, puedes ver como otro tubo similar al tuyo asciende en paralelo hasta una ubicación desconocida. Cuando te fijas con atención, puedes ver que la persona que lleva dentro es idéntica a ti. ¿Como es posible? 
El tubo sigue descendiendo y atraviesa una especie de cámara con multitud de tubos alojados en distintos huecos, exactamente iguales al que te transportan a ti. Dentro de cada tubo se encuentra otro tú. 
Empiezas a tener serias dudas de que introducirte en esta máquina haya sido una buena idea. Te intentas zafar de las sujeciones, pero todos tus esfuerzos son inútiles. Finalmente, el tubo se detiene y se coloca horizontalmente en una mesa de operaciones. 
“Procediendo al desmantelamiento del sujeto para nueva producción” anuncia la voz de la maquina.
Lo ultimo que sientes es una aguja en una de tus venas..
',96),
	 (13,'Mientras te introduces en la cámara Jl12, una voz te indica que mantengas la calma. La cámara se cierra y el tubo en el que te encuentras empieza a descender. Mientras desciendes, puedes ver como otro tubo similar al tuyo asciende en paralelo hasta una ubicación desconocida. Cuando te fijas con atención, puedes ver que la persona que lleva dentro es idéntica a ti. ¿Como es posible? 
El tubo sigue descendiendo y atraviesa una especie de cámara con multitud de tubos alojados en distintos huecos, exactamente iguales al que te transportan a ti. Dentro de cada tubo se encuentra otro tú. 
Empiezas a tener serias dudas de que introducirte en esta máquina haya sido una buena idea. Te intentas zafar de las sujeciones, pero todos tus esfuerzos son inútiles. Finalmente, el tubo se detiene y se coloca horizontalmente en una mesa de operaciones. 
“Procediendo al desmantelamiento del sujeto para nueva producción” anuncia la voz de la maquina.
Lo ultimo que sientes es una aguja en una de tus venas..
',100),
	 (14,'Mientras te introduces en la cámara Jl12, una voz te indica que mantengas la calma. La cámara se cierra y el tubo en el que te encuentras empieza a descender. Mientras desciendes, puedes ver como otro tubo similar al tuyo asciende en paralelo hasta una ubicación desconocida. Cuando te fijas con atención, puedes ver que la persona que lleva dentro es idéntica a ti. ¿Como es posible? 
El tubo sigue descendiendo y atraviesa una especie de cámara con multitud de tubos alojados en distintos huecos, exactamente iguales al que te transportan a ti. Dentro de cada tubo se encuentra otro tú. 
Empiezas a tener serias dudas de que introducirte en esta máquina haya sido una buena idea. Te intentas zafar de las sujeciones, pero todos tus esfuerzos son inútiles. Finalmente, el tubo se detiene y se coloca horizontalmente en una mesa de operaciones. 
“Procediendo al desmantelamiento del sujeto para nueva producción” anuncia la voz de la maquina.
Lo ultimo que sientes es una aguja en una de tus venas..
',104),
	 (15,'Mientras te introduces en la cámara Jl12, una voz te indica que mantengas la calma. La cámara se cierra y el tubo en el que te encuentras empieza a descender. Mientras desciendes, puedes ver como otro tubo similar al tuyo asciende en paralelo hasta una ubicación desconocida. Cuando te fijas con atención, puedes ver que la persona que lleva dentro es idéntica a ti. ¿Como es posible? 
El tubo sigue descendiendo y atraviesa una especie de cámara con multitud de tubos alojados en distintos huecos, exactamente iguales al que te transportan a ti. Dentro de cada tubo se encuentra otro tú. 
Empiezas a tener serias dudas de que introducirte en esta máquina haya sido una buena idea. Te intentas zafar de las sujeciones, pero todos tus esfuerzos son inutiles. Finalmente, el tubo se detiene y se coloca horizontalmente en una mesa de operaciones. 
“Procediendo al desmantelamiento del sujeto para nueva producción” anuncia la voz de la maquina.
Lo ultimo que sientes es una aguja en una de tus venas..
',108),
	 (16,'Mientras te introduces en la cámara Jl12, una voz te indica que mantengas la calma. La cámara se cierra y el tubo en el que te encuentras empieza a descender. Mientras desciendes, puedes ver como otro tubo similar al tuyo asciende en paralelo hasta una ubicación desconocida. Cuando te fijas con atención, puedes ver que la persona que lleva dentro es idéntica a ti. ¿Como es posible? 
El tubo sigue descendiendo y atraviesa una especie de cámara con multitud de tubos alojados en distintos huecos, exactamente iguales al que te transportan a ti. Dentro de cada tubo se encuentra otro tú. 
Empiezas a tener serias dudas de que introducirte en esta máquina haya sido una buena idea. Te intentas zafar de las sujeciones, pero todos tus esfuerzos son inútiles. Finalmente, el tubo se detiene y se coloca horizontalmente en una mesa de operaciones. 
“Procediendo al desmantelamiento del sujeto para nueva producción” anuncia la voz de la maquina.
Lo ultimo que sientes es una aguja en una de tus venas..
',112),
	 (17,'Mientras te introduces en la cámara Jl12, una voz te indica que mantengas la calma. La cámara se cierra y el tubo en el que te encuentras empieza a descender. Mientras desciendes, puedes ver como otro tubo similar al tuyo asciende en paralelo hasta una ubicación desconocida. Cuando te fijas con atención, puedes ver que la persona que lleva dentro es idéntica a ti. ¿Como es posible? 
El tubo sigue descendiendo y atraviesa una especie de cámara con multitud de tubos alojados en distintos huecos, exactamente iguales al que te transportan a ti. Dentro de cada tubo se encuentra otro tú. 
Empiezas a tener serias dudas de que introducirte en esta máquina haya sido una buena idea. Te intentas zafar de las sujeciones, pero todos tus esfuerzos son inútiles. Finalmente, el tubo se detiene y se coloca horizontalmente en una mesa de operaciones. 
“Procediendo al desmantelamiento del sujeto para nueva producción” anuncia la voz de la maquina.
Lo ultimo que sientes es una aguja en una de tus venas..
',116),
	 (18,'Mientras te introduces en la cámara Jl12, una voz te indica que mantengas la calma. La cámara se cierra y el tubo en el que te encuentras empieza a descender. Mientras desciendes, puedes ver como otro tubo similar al tuyo asciende en paralelo hasta una ubicación desconocida. Cuando te fijas con atención, puedes ver que la persona que lleva dentro es idéntica a ti. ¿Como es posible? 
El tubo sigue descendiendo y atraviesa una especie de cámara con multitud de tubos alojados en distintos huecos, exactamente iguales al que te transportan a ti. Dentro de cada tubo se encuentra otro tú. 
Empiezas a tener serias dudas de que introducirte en esta máquina haya sido una buena idea. Te intentas zafar de las sujeciones, pero todos tus esfuerzos son inútiles. Finalmente, el tubo se detiene y se coloca horizontalmente en una mesa de operaciones. 
“Procediendo al desmantelamiento del sujeto para nueva producción” anuncia la voz de la maquina.
Lo ultimo que sientes es una aguja en una de tus venas..
',120),
	 (19,'Mientras te introduces en la cámara Jl12, una voz te indica que mantengas la calma. La cámara se cierra y el tubo en el que te encuentras empieza a descender. Mientras desciendes, puedes ver como otro tubo similar al tuyo asciende en paralelo hasta una ubicación desconocida. Cuando te fijas con atención, puedes ver que la persona que lleva dentro es idéntica a ti. ¿Como es posible? 
El tubo sigue descendiendo y atraviesa una especie de cámara con multitud de tubos alojados en distintos huecos, exactamente iguales al que te transportan a ti. Dentro de cada tubo se encuentra otro tú. 
Empiezas a tener serias dudas de que introducirte en esta máquina haya sido una buena idea. Te intentas zafar de las sujeciones, pero todos tus esfuerzos son inútiles. Finalmente, el tubo se detiene y se coloca horizontalmente en una mesa de operaciones. 
“Procediendo al desmantelamiento del sujeto para nueva producción” anuncia la voz de la maquina.
Lo ultimo que sientes es una aguja en una de tus venas..
',124),
	 (20,'Mientras te introduces en la cámara Jl12, una voz te indica que mantengas la calma. La cámara se cierra y el tubo en el que te encuentras empieza a descender. Mientras desciendes, puedes ver como otro tubo similar al tuyo asciende en paralelo hasta una ubicación desconocida. Cuando te fijas con atención, puedes ver que la persona que lleva dentro es idéntica a ti. ¿Como es posible? 
El tubo sigue descendiendo y atraviesa una especie de cámara con multitud de tubos alojados en distintos huecos, exactamente iguales al que te transportan a ti. Dentro de cada tubo se encuentra otro tú. 
Empiezas a tener serias dudas de que introducirte en esta máquina haya sido una buena idea. Te intentas zafar de las sujeciones, pero todos tus esfuerzos son inútiles. Finalmente, el tubo se detiene y se coloca horizontalmente en una mesa de operaciones. 
“Procediendo al desmantelamiento del sujeto para nueva producción” anuncia la voz de la maquina.
Lo ultimo que sientes es una aguja en una de tus venas..
',128),
	 (21,'Mientras te introduces en la cámara Jl12, una voz te indica que mantengas la calma. La cámara se cierra y el tubo en el que te encuentras empieza a descender. Mientras desciendes, puedes ver como otro tubo similar al tuyo asciende en paralelo hasta una ubicación desconocida. Cuando te fijas con atención, puedes ver que la persona que lleva dentro es idéntica a ti. ¿Como es posible? 
El tubo sigue descendiendo y atraviesa una especie de cámara con multitud de tubos alojados en distintos huecos, exactamente iguales al que te transportan a ti. Dentro de cada tubo se encuentra otro tú. 
Empiezas a tener serias dudas de que introducirte en esta máquina haya sido una buena idea. Te intentas zafar de las sujeciones, pero todos tus esfuerzos son inútiles. Finalmente, el tubo se detiene y se coloca horizontalmente en una mesa de operaciones. 
“Procediendo al desmantelamiento del sujeto para nueva producción” anuncia la voz de la maquina.
Lo ultimo que sientes es una aguja en una de tus venas..
',132),
	 (22,'Mientras te introduces en la cámara Jl12, una voz te indica que mantengas la calma. La cámara se cierra y el tubo en el que te encuentras empieza a descender. Mientras desciendes, puedes ver como otro tubo similar al tuyo asciende en paralelo hasta una ubicación desconocida. Cuando te fijas con atención, puedes ver que la persona que lleva dentro es idéntica a ti. ¿Como es posible? 
El tubo sigue descendiendo y atraviesa una especie de cámara con multitud de tubos alojados en distintos huecos, exactamente iguales al que te transportan a ti. Dentro de cada tubo se encuentra otro tú. 
Empiezas a tener serias dudas de que introducirte en esta máquina haya sido una buena idea. Te intentas zafar de las sujeciones, pero todos tus esfuerzos son inútiles. Finalmente, el tubo se detiene y se coloca horizontalmente en una mesa de operaciones. 
“Procediendo al desmantelamiento del sujeto para nueva producción” anuncia la voz de la maquina.
Lo ultimo que sientes es una aguja en una de tus venas..
',136),
	 (24,'Te paras en una escalera a decidir que hacer a continuación , la cuenta atrás llega a su fin.
<br>De las paredes surgen unas ametralladoras que te fijan como objetivo. Intentas refugiarte en algún lugar apropiado. Una voz robótica anuncia: 
<br><br>“Sujeto 524 inservible, procediendo a su reemplazo” 
<br><br>Una lluvia de balas atraviesa tu cuerpo y caes muerto casi al instante.
<br><br>FIN
',147),
	 (23,'Introduces el brazo cosido en la maquina. El mismo soporte que recibe el brazo se amolda rapidamente a tu brazo y una cuchilla corta limpiamente el mismo , despojándote de el. Comienzas a gritar de dolor mientras te revuelvas en tu propia sangre, que sale a borbotones del brazo seccionado . 
Una voz anuncia:  
<br><br>“Gracias por la muestra Sujeto 524, su acción puede salvar a la humanidad”
<br><br>“Preparando análisis para la sintetización de una cura con una muestra de simbiosis aceptable”
<br><br>Intentas avanzar hasta algún punto y hacerte un torniquete. Consigues sobrevivir un número indeterminado de horas pero allí en esa sala, no hay nada que te pueda ayudar. No hay alimento, no hay agua, y estas perdiendo mucha sangre. Lo último que ves es como un tubo con una persona dentro se dirige hacia alguna parte superior del complejo. 
<br><br>FIN',146),
	 (25,'Intentas por todos los medios destrozar la puerta y salir del recinto, a través del cristal puedes distinguir un sin fin de criaturas de todos los tamaños y formas, pero piensas que es la única manera que tienes de sobrevivir. Cuando la cuenta atrás llega a su fin, una serie de ametralladoras hacen su aparición adosadas a las paredes. 
Una lluvia de balas atraviesa tu cuerpo, lo último que escuchas es a la voz robótica : 
“Sujeto 524 inservible, procediendo a su reemplazo” 
',148),
	 (26,'Introduces el brazo cosido en la maquina. El mismo soporte que recibe el brazo se amolda rapidamente a tu brazo y una cuchilla corta limpiamente el mismo , despojándote de el. Comienzas a gritar de dolor mientras te revuelvas en tu propia sangre, que sale a borbotones del brazo seccionado . 
<br>Una voz anuncia:  
<br><br>“Gracias por la muestra Sujeto 524, su acción puede salvar a la humanidad”
<br><br>“Preparando análisis para la sintetización de una cura con una muestra de simbiosis aceptable”
<br>Intentas avanzar hasta algún punto y hacerte un torniquete. Consigues sobrevivir un número indeterminado de horas pero allí en esa sala, no hay nada que te pueda ayudar. Has perdido el brazo que te daba todo el poder que tenias,  cada vez te encuentras mas débil, no hay alimento, no hay agua, y estas perdiendo mucha sangre. Lo último que ves es como un tubo con una persona inconsciente dentro se dirige hacia alguna parte superior del complejo. 
<br><br>FIN 
',149),
	 (27,'Echas un vistazo punto por punto a la habitación pero no parece haber nada que llame tu atención. Té paras en una escalera a decidir que hacer a continuación, la cuenta atrás llega a su fin.
<br><br>De las paredes surgen unas ametralladoras que te fijan como objetivo. Intentas refugiarte en algún lugar apropiado. Una voz robótica anuncia: 
<br><br>“Sujeto 524 inservible, procediendo a su reemplazo” 
<br>Una lluvia de balas te persigue mientras corres a toda velocidad por la sala. Eres tremendamente rápido y aunque recibes algunos impactos no parecen haber causado un gran daño en tu organismo. Mientras corres, consigues desestabilizar una de las ametralladoras y moverla con tu brazo, para que destruya a la que tiene enfrente, finalmente arrancas de la pared la que estas sujetando. 
<br>Deambulas durante meses o incluso años por el recinto, aniquilando a cuanta criatura o humano se te presenta delante. No sabes en que te has convertido, pero estas lejos de ser algo remotamente humano.
<br>Cierto día, el recinto entero explotó , al parecer de forma controlada, con la consecuente destrucción de todo lo que habitaba en su interior, incluido tu.
<br>Probablemente alguien consiguió algo en ese momento... algo que tu no fuiste capaz o no quisiste hacer.
<br><br>FIN
',150),
	 (28,'Concentras todo el poder que puedes en tu brazo durante unos segundos y cargas hacia la puerta con todas tus fuerzas. La puerta se hace añicos a tu paso y la atraviesas sin problemas. 
<br><br>Una vez en el exterior, no encuentras mas que cadáveres apilados , algunos en lo que parece que fueron pilas funerarias, otros en fosas .
<br>Por las calles puedes apreciar como los cuerpos se dividen en proporciones desiguales entre seres humanos y monstruos como los que has encontrado. No dudas en devorar muchos de ellos, sintiéndote cada vez mas fuerte.
<br>Una vez anochece, puedes distinguir a lo lejos lo que parece un asentamiento humano, pues puedes apreciar luz artificial en el horizonte. Sin dudarlo, diriges tus pasos hacia allí. 
<br>Es una especie de cueva excavada en la roca, te adentras despacio. 
<br>Logras distinguir una figura humana a lo lejos y comienzas a gritar.
<br><br>¿HAY ALGUIEN AHÍ? AYUDA POR FAVOR , SOY HUMANO.
<br>Al menos es lo que intentas decir, pero a los oídos de aquella figura solo llegan unos terribles gruñidos , inmediatamente el hombre apostado en una pequeña superficie fortificada también grita:
<br><br>ATENCIÓN! ES UNO DE LOS GORDOS, PREPARAR EL ACIDO J.
<br>Tres hombres uniformados y fuertemente acorazados irrumpen de detrás de una puerta , armados con algún tipo de lanzallamas. 
<br>Te derrites en apenas unos instantes cuando abren fuego.
<br><br>FIN 
',151),
	 (29,'Introduces el brazo cosido en la maquina. El mismo soporte que recibe el brazo se amolda rapidamente a tu brazo y una cuchilla corta limpiamente el mismo , despojándote de el. Comienzas a gritar de dolor mientras te revuelvas en tu propia sangre, que sale a borbotones del brazo seccionado . 
Una voz anuncia:  
<br><br>“Gracias por la muestra Sujeto 524, su acción puede salvar a la humanidad”
<br><br>“Preparando análisis para la sintetización de una cura con una muestra de simbiosis aceptable”
<br><br>Intentas avanzar hasta algún punto y hacerte un torniquete. Consigues sobrevivir un número indeterminado de horas pero allí en esa sala, no hay nada que te pueda ayudar. No hay alimento, no hay agua, y estas perdiendo mucha sangre. Lo último que ves es como un tubo con una persona dentro se dirige hacia alguna parte superior del complejo. 
<br><br>FIN 
',152),
	 (30,'<br>Te paras en una escalera a decidir que hacer a continuación , la cuenta atrás llega a su fin.
<br>De las paredes surgen unas ametralladoras que te fijan como objetivo. Intentas refugiarte en algún lugar apropiado. Una voz robótica anuncia: 
<br><br><br>“Sujeto 524 inservible, procediendo a su reemplazo” 
<br><br>Intentas defenderte de los disparos poniendo el hacha delante. Siempre es divertido morir siendo carne de meme.
<br><br>FIN
',153),
 (33,'Al pulsar el botón rojo, la habitación comienza a llenarse con vapor del mismo color. Notas que estas recuperando parte de tu cansancio, pero el efecto que tiene en la criatura parece ser mucho más notorio. Está creciendo de tamaño y sin duda triplicando su fuerza. Un simple aguijonazo de su lengua acaba atravesándote en medio segundo, dejándote a merced de sus papilas.. ',50),
	 (31,'<br>Empiezas a golpear frenéticamente la puerta con tu hacha. No llevas la cuenta de los impactos que ha recibido, pero sin duda mas de 100. La puerta empieza a resquebrajarse y un hilo de aire entra por un orificio. ¡Lo estas consiguiendo! Animado y renovado por esta nueva circunstancia, prosigues en tu empeño de derribar la puerta. Finalmente logras tu objetivo y escapas del complejo. 
<br<No han pasado ni 20 minutos cuando un ser volador del tamaño de un hipopótamo se abalanza sobre ti y te despedaza en el acto. Por lo menos no has sentido nada.
<br><br>FIN 
',154),
	 (32,'Horrorizado por lo que ves, decides destruir con tu hacha la maquina SCOA, y tras varios impactos, consigues tu objetivo. Una voz robótica anuncia: 
<br><br>“Maquina SCOA inservible, desactivando protocolo I47, no quedan unidades de reemplazo” 
<br>Inmediatamente después, una voz humana sale por los altavoces.
<br><br>“Soy el DR Ryan, si escuchas esto, la esperanza para la humanidad ha sido reducida a cero, he hecho lo que estaba en mi mano, siento haberos causado tanto dolor. Al no quedar mas maquinas SCOA, el remedio no podrá ser sintetizado y este complejo ya no tiene sentido, será autodestruido en 15 segundos, de nuevo, lo siento” 
<br><br>Cuando escuchas la ultima parte del mensaje sales a toda prisa hasta la puerta, intentando romperla con tu hacha. Apenas lo has conseguido, una nube inmensa de fuego te vaporiza. Calor abrasante es lo ultimo que sientes.
<br><br>FIN',155);
